FIPS,COUNT,TOT_POP,CAPITA
15005,1,90,0.0111111111
48345,8,1202,0.006655574
29041,46,7649,0.006013858
20157,29,4858,0.0059695348
20089,18,3046,0.0059093894
29227,12,2079,0.0057720058
29129,21,3729,0.0056315366
29103,22,4082,0.0053895149
19185,34,6344,0.0053593947
20183,20,3765,0.005312085
20033,10,1913,0.0052273915
31133,14,2765,0.0050632911
29211,33,6546,0.0050412466
31015,10,2054,0.0048685492
20049,13,2720,0.0047794118
38083,6,1266,0.0047393365
29197,20,4370,0.004576659
38091,9,1989,0.0045248869
48045,7,1561,0.0044843049
51091,10,2245,0.004454343
20003,35,7917,0.0044208665
40003,25,5666,0.0044122838
20105,14,3174,0.0044108381
48197,18,4082,0.0044096031
20165,14,3220,0.0043478261
20207,14,3278,0.0042708969
19107,43,10374,0.0041449778
48311,3,726,0.0041322314
31083,14,3410,0.0041055718
20123,26,6355,0.0040912667
31077,10,2458,0.0040683483
31011,22,5417,0.0040612885
27155,14,3451,0.0040567951
17171,21,5290,0.0039697543
48191,13,3293,0.003947768
17065,33,8370,0.0039426523
48333,19,4828,0.003935377
19073,36,9153,0.0039331367
31117,2,509,0.0039292731
19159,20,5096,0.0039246468
31009,2,514,0.0038910506
48129,14,3598,0.0038910506
19173,24,6208,0.0038659794
38037,9,2333,0.003857694
29205,24,6234,0.0038498556
20039,11,2871,0.0038314176
48155,5,1307,0.0038255547
20201,22,5758,0.0038207711
29005,21,5517,0.0038064165
38027,9,2368,0.0038006757
17153,22,5998,0.0036678893
46105,11,3037,0.0036219954
46021,5,1396,0.0035816619
48119,19,5329,0.0035653969
20043,28,7864,0.003560529
48207,21,5901,0.0035587189
17079,34,9614,0.0035365093
41069,5,1424,0.003511236
29199,17,4877,0.0034857494
19001,26,7481,0.0034754712
30079,4,1157,0.0034572169
40141,27,7822,0.0034518026
38095,8,2318,0.0034512511
31061,11,3188,0.0034504391
29171,17,4931,0.0034475766
40129,13,3774,0.0034446211
46111,8,2324,0.0034423408
48275,13,3789,0.0034309844
20141,13,3806,0.0034156595
31115,2,589,0.0033955857
20117,34,10022,0.0033925364
19071,24,7147,0.0033580523
19135,27,8063,0.0033486295
38019,13,3948,0.0032928065
20017,9,2757,0.0032644178
31065,16,4907,0.0032606481
20073,21,6454,0.0032537961
48307,27,8313,0.0032479249
19077,35,10777,0.003247657
20011,48,14897,0.0032221253
46037,18,5613,0.0032068413
20205,29,9105,0.0031850632
48411,19,6002,0.0031656115
29061,26,8239,0.0031557228
40043,15,4783,0.003136107
18125,40,12766,0.0031333229
19025,31,9909,0.0031284691
46025,11,3585,0.0030683403
20021,65,21226,0.0030622821
20031,26,8502,0.003058104
20077,18,5911,0.00304517
19053,25,8253,0.0030292015
48193,25,8307,0.0030095101
29087,14,4655,0.0030075188
19007,38,12700,0.002992126
30025,9,3024,0.0029761905
46075,3,1013,0.0029615005
31125,11,3715,0.002960969
31171,2,676,0.0029585799
20135,9,3068,0.0029335072
31129,13,4438,0.0029292474
31169,15,5134,0.0029216985
38045,12,4114,0.0029168692
5099,26,8925,0.0029131653
20127,17,5854,0.0029039973
17185,34,11727,0.0028992922
31147,24,8290,0.0028950543
39111,42,14549,0.0028867963
20029,27,9397,0.0028732574
29013,48,16709,0.0028727033
19117,25,8760,0.0028538813
29111,29,10174,0.002850403
16061,11,3889,0.0028284906
28097,30,10614,0.0028264556
38081,11,3896,0.0028234086
8079,2,709,0.0028208745
17149,46,16308,0.0028207015
38103,12,4271,0.0028096465
19023,42,14986,0.0028026158
19109,43,15346,0.0028020331
20019,10,3571,0.002800336
40055,17,6082,0.0027951332
48081,9,3231,0.0027855153
27117,26,9345,0.0027822365
48083,24,8675,0.0027665706
40059,10,3676,0.0027203482
29079,28,10338,0.0027084542
38023,6,2228,0.0026929982
20047,8,2979,0.0026854649
46077,14,5220,0.0026819923
48399,28,10449,0.0026796823
20007,13,4861,0.0026743468
8017,5,1874,0.0026680896
40067,17,6377,0.0026658303
19151,19,7150,0.0026573427
40011,26,9785,0.0026571283
29075,18,6777,0.0026560425
29137,23,8703,0.0026427669
29057,20,7568,0.0026427061
20199,4,1517,0.0026367831
20013,26,9881,0.0026313126
17009,18,6914,0.0026034134
30059,5,1924,0.0025987526
38063,8,3080,0.0025974026
17123,32,12327,0.0025959276
28155,26,10039,0.0025898994
48123,53,20465,0.0025897874
19147,24,9275,0.0025876011
29045,18,6969,0.002582867
40149,30,11622,0.0025813113
46055,5,1939,0.0025786488
17059,14,5430,0.0025782689
17151,11,4272,0.0025749064
18139,44,17095,0.002573852
31121,20,7780,0.0025706941
46009,18,7029,0.0025608195
19003,10,3911,0.0025568908
17191,42,16574,0.0025340895
29185,24,9474,0.0025332489
31097,13,5140,0.0025291829
17131,41,16219,0.0025278994
31093,16,6336,0.0025252525
40025,6,2385,0.0025157233
46087,14,5610,0.0024955437
48403,26,10433,0.0024920924
31071,5,2007,0.0024912805
40151,22,8832,0.002490942
31103,2,804,0.0024875622
19145,39,15713,0.0024820213
40093,19,7683,0.0024729923
17193,36,14568,0.0024711697
38055,23,9309,0.0024707273
40075,23,9310,0.0024704619
31029,10,4064,0.0024606299
46089,6,2439,0.0024600246
18153,52,21188,0.0024542194
20145,17,6928,0.0024538106
31107,21,8573,0.0024495509
46073,5,2047,0.0024425989
48387,31,12694,0.0024420986
20133,40,16406,0.0024381324
20125,84,34459,0.0024376796
19143,15,6193,0.0024220895
39067,38,15714,0.0024182258
19177,18,7449,0.0024164317
55103,43,17818,0.0024132899
19085,35,14548,0.002405829
20097,6,2496,0.0024038462
48263,2,839,0.0023837902
48417,8,3356,0.0023837902
46061,8,3377,0.0023689665
19137,25,10566,0.0023660799
31175,10,4229,0.0023646252
19123,53,22443,0.0023615381
17053,33,14008,0.0023557967
38041,6,2553,0.0023501763
20153,6,2560,0.00234375
18045,40,17119,0.0023365851
29139,28,11996,0.0023341114
29175,59,25330,0.0023292538
46101,15,6446,0.0023270245
21183,56,24075,0.0023260644
17017,31,13338,0.0023241865
38013,5,2171,0.0023030861
19043,41,17835,0.0022988506
18075,49,21366,0.0022933633
38029,8,3491,0.002291607
29081,20,8728,0.0022914757
20095,18,7863,0.0022892026
54093,16,6995,0.0022873481
17061,31,13576,0.0022834414
19097,45,19712,0.0022828734
21233,31,13583,0.0022822646
31165,3,1315,0.0022813688
20005,38,16813,0.0022601558
31143,12,5320,0.0022556391
31163,7,3108,0.0022522523
55011,30,13333,0.0022500563
5129,18,8007,0.002248033
19081,25,11134,0.0022453745
17023,36,16209,0.0022209883
21171,24,10821,0.0022179096
38033,4,1804,0.0022172949
38007,2,905,0.0022099448
49033,5,2267,0.002205558
53043,23,10437,0.0022036984
17013,11,5014,0.0021938572
51610,29,13229,0.0021921536
31063,6,2741,0.0021889821
48443,2,917,0.0021810251
31149,3,1376,0.0021802326
20001,29,13319,0.0021773406
27045,45,20834,0.0021599309
31099,14,6485,0.0021588281
21055,20,9280,0.0021551724
48405,19,8818,0.0021546836
40007,12,5591,0.0021463066
20143,13,6072,0.002140975
31003,14,6545,0.0021390374
19083,37,17302,0.0021384811
39127,77,36015,0.0021379981
19047,37,17309,0.0021376163
16071,9,4215,0.0021352313
48075,15,7029,0.0021340162
48483,12,5626,0.0021329541
1041,30,14083,0.0021302279
17075,62,29240,0.002120383
17067,40,18891,0.0021174104
38039,5,2362,0.0021168501
31089,22,10396,0.0021161985
27073,15,7109,0.0021100014
29125,19,9014,0.0021078323
48093,29,13765,0.0021067926
20163,11,5223,0.0021060693
21149,20,9506,0.0021039344
13193,30,14263,0.0021033443
5101,17,8086,0.0021023992
8121,10,4766,0.0020981956
29033,19,9086,0.0020911292
19075,26,12448,0.0020886889
46069,3,1437,0.0020876827
5025,18,8627,0.0020864727
31087,6,2887,0.002078282
8061,3,1444,0.0020775623
35011,4,1927,0.0020757654
19051,18,8689,0.0020715848
19165,25,12069,0.0020714227
20185,9,4358,0.0020651675
40057,6,2906,0.0020646937
38031,7,3392,0.0020636792
8095,9,4367,0.0020609114
39121,30,14579,0.0020577543
18135,53,25815,0.0020530699
31069,4,1953,0.0020481311
17025,28,13766,0.0020339968
48433,3,1475,0.0020338983
21031,26,12840,0.0020249221
29093,21,10374,0.0020242915
29217,42,20748,0.0020242915
20167,14,6946,0.0020155485
28015,21,10423,0.002014775
42113,13,6461,0.0020120724
48285,39,19468,0.0020032874
27069,9,4493,0.002003116
29115,25,12484,0.0020025633
20053,13,6494,0.0020018479
18009,25,12502,0.0019996801
40069,22,11003,0.0019994547
5047,36,18045,0.0019950125
20197,14,7039,0.0019889189
48145,35,17610,0.0019875071
19175,25,12594,0.0019850723
28007,38,19157,0.0019836091
36049,54,27224,0.0019835439
54071,15,7566,0.0019825535
38097,16,8072,0.0019821606
5147,14,7100,0.001971831
23029,64,32462,0.0019715359
31073,4,2029,0.0019714145
48079,6,3046,0.0019697965
27173,20,10158,0.0019688915
29025,18,9145,0.0019682887
19183,43,21914,0.0019622159
48419,51,26019,0.0019601061
20137,11,5612,0.0019600855
19131,21,10725,0.001958042
54017,16,8178,0.0019564686
19129,29,14837,0.001954573
54085,20,10236,0.0019538882
46023,18,9216,0.001953125
48421,6,3073,0.0019524894
27129,30,15369,0.0019519813
40063,27,13836,0.001951431
17085,44,22549,0.001951306
40045,8,4104,0.0019493177
20115,24,12347,0.001943792
55047,37,19039,0.0019433794
17173,43,22196,0.001937286
16059,15,7758,0.001933488
20085,26,13449,0.0019332292
48023,7,3623,0.0019321005
13003,16,8284,0.0019314341
30039,6,3109,0.001929881
50005,60,31121,0.0019279586
17101,32,16604,0.0019272464
29121,30,15573,0.0019264111
38005,13,6760,0.0019230769
47087,22,11441,0.0019229088
18171,16,8342,0.0019180053
17057,70,36651,0.001909907
29177,44,23064,0.001907735
48235,3,1573,0.0019071837
31059,11,5771,0.0019060821
21169,19,9969,0.0019059083
21061,23,12071,0.0019053931
31131,30,15747,0.0019051248
48429,18,9464,0.0019019442
55065,32,16853,0.0018987717
29083,42,22153,0.0018959057
28037,15,7918,0.0018944178
21105,9,4754,0.0018931426
30109,2,1057,0.0018921476
39053,58,30708,0.0018887586
31081,17,9011,0.0018865831
29133,27,14322,0.0018852116
5013,10,5307,0.0018843037
36017,94,49933,0.0018825226
31161,10,5319,0.0018800526
31181,7,3725,0.0018791946
5141,32,17030,0.001879037
19087,38,20236,0.0018778415
16041,24,12786,0.001877053
20027,16,8531,0.0018755128
18025,20,10665,0.001875293
18121,32,17069,0.0018747437
31039,17,9072,0.0018738977
48447,3,1601,0.0018738289
20041,37,19762,0.0018722801
17181,33,17647,0.0018700062
19067,30,16056,0.0018684604
8009,7,3751,0.001866169
21045,30,16082,0.0018654396
29117,28,15037,0.0018620736
19009,11,5910,0.0018612521
20191,44,23674,0.001858579
29065,29,15647,0.0018533904
21075,12,6525,0.0018390805
20025,4,2181,0.0018340211
20063,5,2729,0.001832173
31159,31,16935,0.0018305285
19005,26,14237,0.0018262274
19079,28,15344,0.0018248175
38009,12,6579,0.0018239854
1037,20,10966,0.0018238191
18155,19,10424,0.0018227168
31145,20,10975,0.0018223235
48331,44,24157,0.0018214182
31127,13,7154,0.0018171652
17125,26,14327,0.0018147554
31139,13,7166,0.0018141222
39163,24,13239,0.0018128257
18165,29,16040,0.00180798
46125,15,8308,0.0018054887
20107,17,9441,0.0018006567
19069,19,10554,0.0018002653
51169,41,22781,0.0017997454
42015,113,62792,0.0017995923
20181,11,6113,0.0017994438
17015,27,15011,0.001798681
54007,26,14468,0.0017970694
21143,15,8351,0.0017961921
18017,69,38581,0.0017884451
13317,18,10076,0.0017864232
48327,4,2240,0.0017857143
47027,14,7840,0.0017857143
5117,15,8458,0.0017734689
40053,8,4516,0.0017714792
29229,33,18629,0.0017714316
46059,6,3388,0.0017709563
19187,66,37273,0.0017707188
19197,23,12991,0.0017704565
31041,19,10740,0.0017690875
18161,13,7362,0.0017658245
42105,31,17577,0.0017636684
20035,64,36288,0.0017636684
39107,72,40875,0.0017614679
18055,58,32940,0.0017607772
41001,28,15909,0.0017600101
42059,67,38085,0.0017592228
18083,67,38122,0.0017575153
19133,16,9124,0.0017536168
18021,47,26837,0.0017513135
21053,18,10285,0.0017501215
20151,17,9728,0.0017475329
19091,17,9729,0.0017473533
17139,26,14933,0.0017411103
41055,3,1732,0.0017321016
27023,21,12135,0.0017305315
5083,38,21983,0.0017286085
38049,10,5789,0.0017274141
27033,20,11597,0.0017245839
29107,57,33080,0.0017230955
48125,4,2323,0.0017219113
38099,19,11046,0.0017200797
46097,4,2326,0.0017196905
17011,59,34323,0.001718964
26133,40,23276,0.0017185083
31035,11,6411,0.001715801
48147,58,33831,0.0017144039
47133,38,22190,0.0017124831
48077,18,10535,0.0017085904
38021,9,5268,0.0017084282
19125,57,33419,0.0017056166
17005,30,17644,0.0017002947
21139,16,9423,0.001697973
42065,76,44764,0.0016977929
17147,28,16504,0.0016965584
40081,58,34189,0.0016964521
40105,18,10611,0.0016963528
46107,4,2359,0.0016956337
27089,16,9449,0.0016933009
8021,14,8275,0.0016918429
46057,10,5918,0.0016897601
31037,18,10653,0.0016896649
31023,14,8295,0.0016877637
1075,24,14259,0.0016831475
28159,32,19029,0.0016816438
30019,3,1786,0.0016797312
18147,35,20837,0.0016797044
8115,4,2383,0.0016785564
28019,14,8346,0.0016774503
23021,29,17290,0.0016772701
18069,62,36987,0.0016762646
20195,5,2986,0.0016744809
31185,23,13746,0.001673214
21121,53,31735,0.0016700804
46067,12,7187,0.0016696814
27151,16,9594,0.001667709
29153,16,9601,0.0016664931
30097,6,3605,0.0016643551
13239,4,2404,0.0016638935
50027,93,56211,0.0016544804
36077,102,61709,0.0016529193
31021,11,6659,0.0016518997
42005,113,68409,0.0016518294
22111,37,22419,0.0016503858
29179,11,6667,0.0016499175
38043,4,2426,0.0016488046
19027,34,20631,0.0016480054
19105,34,20639,0.0016473666
17047,11,6684,0.0016457211
27055,31,18837,0.0016456973
46053,7,4265,0.0016412661
26071,19,11587,0.0016397687
48161,32,19515,0.0016397643
18049,34,20737,0.0016395814
48503,30,18339,0.001635858
21177,51,31181,0.0016356114
56027,4,2456,0.0016286645
20037,64,39361,0.0016259749
40033,10,6155,0.0016246954
17055,64,39407,0.0016240769
40061,21,12938,0.0016231257
17177,76,46959,0.0016184331
5121,29,17930,0.001617401
16037,7,4331,0.0016162549
37177,7,4338,0.0016136468
17041,32,19853,0.0016118471
40133,41,25450,0.001611002
21097,30,18624,0.0016108247
18169,52,32361,0.0016068725
48289,27,16803,0.0016068559
29123,20,12448,0.0016066838
21001,30,18675,0.0016064257
13061,5,3116,0.0016046213
19015,42,26195,0.0016033594
17107,48,30013,0.001599307
30093,55,34403,0.0015986978
46039,7,4380,0.0015981735
29053,28,17520,0.0015981735
48217,56,35115,0.0015947601
18107,61,38254,0.0015946045
5021,25,15684,0.0015939811
13125,5,3142,0.0015913431
19035,19,11946,0.0015904905
31075,1,629,0.0015898251
54091,27,16991,0.0015890766
29151,22,13858,0.0015875307
31105,6,3783,0.0015860428
17033,31,19600,0.0015816327
47161,21,13297,0.0015793036
21187,17,10765,0.0015791918
20131,16,10132,0.0015791552
48223,56,35469,0.0015788435
20129,5,3169,0.0015777848
20179,4,2538,0.0015760441
42021,223,141584,0.0015750367
48153,10,6367,0.0015705984
49017,8,5095,0.0015701668
48293,37,23585,0.0015687937
17087,20,12760,0.0015673981
36031,61,38961,0.0015656682
55053,32,20485,0.0015621186
17071,11,7043,0.0015618344
38011,5,3202,0.001561524
48151,6,3844,0.0015608741
42087,73,46773,0.0015607295
23025,81,51910,0.001560393
18101,16,10260,0.0015594542
19099,57,36602,0.001557292
21129,12,7706,0.0015572281
29173,16,10277,0.0015568746
48059,21,13517,0.0015535992
36089,174,112232,0.00155036
30077,11,7096,0.0015501691
40015,46,29678,0.0015499697
27011,8,5164,0.0015491867
54095,14,9037,0.0015491867
13269,13,8420,0.001543943
48011,3,1944,0.0015432099
39115,23,14911,0.0015424854
20071,2,1298,0.001540832
42009,76,49324,0.001540832
30053,30,19491,0.0015391719
19065,32,20793,0.0015389795
29073,23,14972,0.0015362009
29135,24,15625,0.001536
20113,45,29356,0.0015329064
42123,63,41146,0.001531133
21023,13,8494,0.0015304921
51690,21,13733,0.0015291633
20083,3,1963,0.0015282731
26043,40,26220,0.001525553
20149,34,22302,0.0015245269
17117,72,47231,0.0015244225
48137,3,1968,0.0015243902
16007,9,5907,0.001523616
47183,53,34793,0.0015232949
17187,27,17731,0.0015227568
54103,25,16422,0.0015223481
18179,42,27652,0.0015188775
21083,57,37544,0.0015182186
40117,25,16474,0.0015175428
20075,4,2639,0.0015157257
27101,13,8577,0.0015156815
46051,11,7259,0.0015153602
18023,50,33022,0.0015141421
5109,17,11247,0.0015115142
55023,25,16560,0.0015096618
40029,9,5963,0.0015093074
54053,41,27179,0.0015085176
29163,28,18565,0.0015082144
13201,9,5969,0.0015077902
36053,109,72382,0.0015058993
5039,12,7987,0.0015024415
53013,6,3995,0.0015018773
46091,7,4671,0.0014986084
18041,36,24029,0.0014981897
18093,69,46078,0.0014974608
1107,29,19405,0.0014944602
19157,28,18736,0.0014944492
21147,27,18069,0.001494272
20023,4,2678,0.001493652
29003,26,17417,0.0014927944
22013,21,14076,0.0014919011
48035,27,18125,0.0014896552
28111,18,12086,0.0014893265
28009,13,8730,0.001489118
1027,20,13435,0.0014886491
19111,53,35617,0.0014880535
22027,25,16828,0.0014856192
1061,40,26931,0.0014852772
39105,35,23593,0.0014834909
35037,13,8769,0.0014824952
21189,7,4722,0.0014824227
48337,29,19565,0.0014822387
28141,29,19591,0.0014802716
36121,62,41892,0.0014799962
38077,24,16217,0.0014799285
19055,26,17574,0.0014794583
13251,21,14202,0.001478665
17169,11,7457,0.001475124
17105,57,38647,0.0014748881
42051,200,135660,0.0014742739
17021,51,34638,0.0014723714
29215,38,25810,0.0014722976
42013,187,127121,0.0014710394
48107,9,6126,0.0014691479
21057,10,6819,0.0014664907
31095,11,7521,0.0014625715
48313,20,13677,0.001462309
16023,4,2740,0.001459854
30071,6,4128,0.0014534884
27159,20,13767,0.0014527493
28161,18,12401,0.0014514958
20147,8,5519,0.001449538
51077,22,15183,0.001448989
54073,11,7595,0.0014483213
47015,20,13811,0.0014481211
18131,19,13124,0.0014477294
48237,13,8983,0.001447178
55077,22,15205,0.0014468925
48177,29,20045,0.0014467448
54013,11,7607,0.0014460365
21135,20,13835,0.001445609
42067,36,24904,0.0014455509
48255,22,15233,0.0014442329
49041,30,20784,0.001443418
18015,29,20095,0.0014431451
28055,2,1386,0.0014430014
18167,156,108428,0.0014387428
17189,21,14598,0.0014385532
39029,153,106507,0.0014365253
23007,44,30630,0.0014365002
21103,22,15318,0.0014362188
50025,63,43985,0.0014323065
13307,4,2793,0.0014321518
49027,18,12569,0.0014320948
50013,10,6983,0.0014320493
55043,73,51087,0.001428935
40127,16,11205,0.001427934
39069,40,28045,0.0014262792
30107,3,2104,0.0014258555
18111,20,14044,0.0014240957
17159,23,16176,0.0014218595
51790,34,23921,0.0014213453
19095,23,16189,0.0014207178
18177,97,68346,0.0014192491
42111,109,76957,0.0014163754
17129,18,12722,0.0014148719
35021,1,707,0.0014144272
19179,50,35366,0.0014137873
47159,27,19102,0.0014134646
39171,53,37513,0.0014128435
23009,77,54558,0.0014113421
39001,40,28350,0.0014109347
31137,13,9215,0.0014107434
29001,36,25581,0.0014072945
19093,10,7108,0.0014068655
5087,22,15645,0.0014062001
24001,104,74012,0.0014051775
39123,58,41339,0.0014030335
17165,35,24946,0.0014030305
48017,10,7130,0.0014025245
37009,38,27097,0.0014023693
22127,21,15000,0.0014
22021,14,10004,0.0013994402
18053,97,69330,0.0013991057
39167,86,61475,0.0013989427
30091,5,3580,0.001396648
48437,11,7891,0.0013939932
19011,36,25827,0.0013938901
31155,29,20823,0.0013926908
55071,112,80671,0.0013883552
55123,42,30260,0.0013879709
8011,8,5773,0.0013857613
39135,58,41886,0.0013847109
19029,19,13723,0.0013845369
40023,21,15182,0.001383217
39033,59,42849,0.0013769283
29039,19,13799,0.0013769114
48149,34,24695,0.0013767969
29089,14,10169,0.0013767332
31091,1,727,0.0013755158
36025,65,47276,0.0013749048
31151,20,14557,0.0013739095
21207,24,17497,0.0013716637
42061,63,45943,0.0013712644
47039,16,11673,0.0013706845
21161,24,17512,0.0013704888
18103,50,36486,0.0013703886
21191,20,14604,0.0013694878
27167,9,6585,0.0013667426
20119,6,4396,0.0013648772
5067,24,17600,0.0013636364
18007,12,8804,0.0013630168
17051,30,22014,0.0013627691
36101,135,99063,0.0013627691
17121,53,38894,0.001362678
20099,29,21284,0.0013625258
40085,13,9558,0.0013601172
39065,43,31627,0.0013595978
30103,1,736,0.0013586957
51071,23,16928,0.0013586957
42115,58,42696,0.0013584411
48133,25,18421,0.0013571467
39161,39,28744,0.0013568049
27107,9,6634,0.0013566476
18119,29,21380,0.0013564079
39059,54,39817,0.0013562046
51005,22,16230,0.0013555145
30015,8,5904,0.0013550136
48349,65,47979,0.0013547594
26083,3,2215,0.0013544018
31051,8,5918,0.001351808
21137,33,24461,0.0013490863
46043,4,2970,0.0013468013
17175,8,5946,0.0013454423
27149,13,9663,0.0013453379
45087,38,28252,0.0013450375
42033,109,81184,0.0013426291
19121,21,15654,0.0013415102
27165,15,11187,0.001340842
47017,38,28390,0.0013384995
48225,31,23161,0.0013384569
16079,17,12702,0.0013383719
20103,104,77739,0.0013378099
19019,28,20942,0.0013370261
55019,46,34435,0.0013358502
17157,44,32956,0.0013351135
39031,49,36779,0.001332282
19195,10,7519,0.0013299641
1013,27,20307,0.0013295908
55107,19,14316,0.0013271864
51135,21,15830,0.0013265951
39097,57,43053,0.0013239496
1005,36,27201,0.0013234808
31017,4,3023,0.0013231889
28017,23,17416,0.0013206247
21007,11,8333,0.0013200528
26059,61,46229,0.0013195181
38087,1,758,0.0013192612
40049,36,27297,0.0013188262
26153,11,8343,0.0013184706
48087,4,3036,0.0013175231
40099,18,13663,0.0013174266
23015,45,34180,0.0013165594
5111,32,24307,0.0013164932
36015,117,88911,0.0013159227
31007,1,760,0.0013157895
21033,17,12935,0.0013142636
40153,27,20548,0.0013139965
36023,65,49474,0.0013138214
13167,13,9897,0.0013135294
54089,18,13737,0.0013103298
18181,32,24426,0.0013100794
48109,3,2290,0.0013100437
1035,17,12981,0.0013096063
31113,1,765,0.0013071895
13001,24,18368,0.0013066202
46093,34,26052,0.0013050821
48457,28,21458,0.0013048746
48089,27,20696,0.0013045999
42053,10,7667,0.0013042911
19037,16,12276,0.0013033561
51590,56,42996,0.0013024467
17095,68,52247,0.0013015101
51063,20,15390,0.0012995452
55075,54,41563,0.0012992325
17001,87,67197,0.0012947007
54087,19,14684,0.0012939254
21203,22,17006,0.0012936611
1059,41,31761,0.0012908913
17109,42,32537,0.0012908381
48365,31,24020,0.0012905912
32009,1,775,0.0012903226
51017,6,4652,0.0012897678
32021,6,4653,0.0012894907
18175,36,27921,0.0012893521
18129,33,25599,0.0012891129
40035,19,14748,0.0012883103
36107,65,50478,0.0012876897
18123,25,19462,0.0012845545
31177,26,20252,0.0012838238
17135,38,29620,0.0012829169
28013,19,14843,0.0012800647
26151,54,42268,0.0012775622
1105,13,10181,0.0012768883
39091,58,45474,0.0012754541
46079,15,11771,0.0012743182
31111,46,36099,0.0012742735
42121,69,54272,0.0012713738
28061,21,16523,0.0012709556
54049,72,56678,0.0012703342
13105,25,19684,0.0012700671
54023,15,11816,0.0012694651
21229,15,11833,0.0012676413
17029,68,53655,0.0012673563
18031,33,26042,0.0012671838
39039,49,38677,0.0012669028
20087,24,18945,0.001266825
26119,12,9476,0.0012663571
55135,66,52131,0.0012660413
48435,5,3950,0.0012658228
17045,23,18191,0.0012643615
47151,28,22173,0.0012627971
27127,20,15847,0.0012620685
30017,15,11888,0.0012617766
5065,17,13474,0.0012616892
38025,5,3967,0.0012603983
26109,30,23815,0.0012597103
19139,54,42879,0.0012593577
48315,13,10324,0.0012592019
28041,18,14311,0.0012577737
21237,9,7164,0.0012562814
19033,55,43788,0.0012560519
39063,95,75671,0.0012554347
13301,7,5578,0.0012549301
19089,12,9563,0.0012548363
19171,22,17536,0.001254562
21213,22,17538,0.001254419
5003,27,21524,0.0012544137
21051,27,21556,0.0012525515
42083,54,43127,0.0012521158
50001,46,36745,0.001251871
51730,40,31973,0.0012510556
17141,66,52848,0.0012488647
29109,48,38467,0.0012478228
40101,88,70596,0.0012465295
51103,14,11236,0.001245995
21043,34,27348,0.0012432353
21065,18,14493,0.0012419789
29207,37,29795,0.0012418191
40115,40,32236,0.0012408487
20139,20,16142,0.0012390038
39021,49,39565,0.0012384683
1039,47,37955,0.0012383085
21087,14,11315,0.0012372956
21003,25,20210,0.0012370114
47013,50,40420,0.0012370114
8063,10,8094,0.0012354831
5075,21,17012,0.0012344228
13037,8,6504,0.0012300123
41023,9,7317,0.0012300123
55121,36,29297,0.0012287948
5011,14,11397,0.0012283934
19189,13,10600,0.0012264151
42037,82,66887,0.0012259482
54097,30,24477,0.0012256404
48211,5,4080,0.0012254902
30027,14,11435,0.0012243113
17145,27,22058,0.0012240457
19127,50,40857,0.0012237805
27125,5,4087,0.0012233912
48159,13,10640,0.0012218045
39119,105,85950,0.0012216405
36003,59,48357,0.0012200922
48031,13,10655,0.0012200845
27099,48,39372,0.0012191405
18117,24,19690,0.0012188928
55091,9,7390,0.001217862
29127,35,28745,0.0012176031
13109,13,10689,0.0012162036
29011,15,12337,0.0012158547
20111,41,33748,0.0012148868
42023,6,4939,0.0012148208
51580,7,5771,0.0012129614
42075,164,135251,0.0012125604
55061,25,20624,0.00121218
21225,18,14850,0.0012121212
27071,16,13208,0.001211387
40111,48,39625,0.0012113565
29181,17,14036,0.0012111713
42031,48,39646,0.0012107148
47171,22,18235,0.0012064711
22059,18,14927,0.0012058686
21101,56,46513,0.0012039645
13149,14,11633,0.0012034729
27081,7,5818,0.0012031626
54069,53,44075,0.0012024957
50015,30,24958,0.0012020194
20159,12,9985,0.0012018027
39037,63,52507,0.00119984
29195,28,23339,0.0011997086
40073,18,15005,0.0011996001
37095,7,5859,0.0011947431
18001,41,34365,0.0011930743
55007,18,15099,0.0011921319
30037,1,839,0.0011918951
17137,42,35272,0.0011907462
13265,2,1680,0.0011904762
37005,13,10927,0.0011897136
17155,7,5886,0.0011892627
16087,12,10099,0.0011882365
25011,85,71540,0.0011881465
27111,68,57288,0.0011869851
27049,55,46336,0.001186982
39071,51,42998,0.0011861017
29105,42,35417,0.0011858712
19101,20,16867,0.0011857473
21219,15,12651,0.001185677
5149,26,21932,0.0011854824
17035,13,10968,0.0011852662
23027,46,38820,0.0011849562
5137,15,12663,0.0011845534
33007,38,32096,0.0011839482
42099,54,45701,0.0011815934
28139,26,22025,0.0011804767
38003,13,11015,0.0011802088
32015,7,5941,0.0011782528
36043,76,64508,0.0011781484
5097,11,9340,0.0011777302
8089,22,18698,0.0011765964
18047,27,22969,0.0011754974
50017,34,28924,0.0011754944
47079,38,32341,0.0011749791
42117,50,42577,0.001174343
17069,5,4258,0.0011742602
19039,11,9370,0.0011739594
20101,2,1704,0.0011737089
46019,12,10228,0.0011732499
45069,33,28145,0.0011724996
38075,3,2559,0.0011723329
17115,129,110122,0.0011714281
48393,1,854,0.0011709602
31119,41,35031,0.0011703919
1071,62,53019,0.0011693921
18043,88,75283,0.0011689226
51013,258,221045,0.0011671832
26041,43,36884,0.0011658172
19021,24,20592,0.0011655012
17183,94,80727,0.0011644183
20065,3,2578,0.0011636928
37033,27,23217,0.0011629409
50011,56,48214,0.0011614884
13005,13,11198,0.0011609216
20069,7,6030,0.0011608624
54041,19,16371,0.0011605888
29015,22,18962,0.0011602152
13259,7,6042,0.0011585568
5071,30,25901,0.0011582564
29159,49,42319,0.0011578724
37115,24,20742,0.0011570726
47111,26,22498,0.0011556583
53051,15,12980,0.001155624
55099,16,13869,0.001153652
39083,70,60705,0.0011531175
19115,13,11278,0.0011526866
51045,6,5213,0.0011509687
54075,10,8692,0.0011504832
19045,56,48717,0.0011494961
48295,4,3480,0.0011494253
31067,25,21806,0.0011464734
1029,17,14832,0.0011461704
1011,12,10474,0.0011456941
47135,9,7860,0.0011450382
21155,23,20090,0.0011448482
40089,38,33203,0.0011444749
28115,35,30594,0.0011440152
31027,10,8746,0.0011433798
56031,10,8756,0.001142074
40097,47,41168,0.0011416634
17103,40,35037,0.0011416503
42047,36,31550,0.001141046
39143,69,60510,0.0011403074
39125,22,19295,0.0011401918
42035,45,39517,0.0011387504
16063,6,5277,0.0011370097
48065,7,6157,0.0011369173
18077,37,32554,0.0011365731
18051,38,33458,0.0011357523
21013,32,28183,0.0011354363
51097,8,7046,0.001135396
47055,33,29072,0.0011351128
47103,38,33503,0.0011342268
50021,69,60869,0.001133582
29069,36,31826,0.0011311506
5037,20,17683,0.0011310298
23017,65,57481,0.0011308084
36039,55,48673,0.0011299899
5029,24,21287,0.0011274487
50023,67,59465,0.0011267132
20009,31,27557,0.001124941
48277,56,49811,0.0011242497
54077,38,33832,0.001123197
39079,37,32954,0.0011227772
18027,36,32064,0.0011227545
13209,10,8913,0.0011219567
36009,89,79458,0.0011200886
39019,32,28587,0.0011193899
29223,15,13402,0.0011192359
1057,19,16983,0.0011187658
22041,23,20561,0.0011186226
8025,6,5365,0.0011183597
48455,16,14309,0.0011181774
42081,131,117168,0.0011180527
47071,29,25950,0.0011175337
13093,16,14318,0.0011174745
40091,23,20584,0.0011173727
42125,233,208716,0.0011163495
55037,5,4482,0.0011155734
28077,14,12551,0.001115449
18065,55,49345,0.0011146013
28057,26,23340,0.0011139674
8023,4,3594,0.0011129661
28101,24,21601,0.0011110597
12059,22,19804,0.0011108867
48049,42,37825,0.0011103767
29147,26,23419,0.0011102097
48415,19,17126,0.0011094243
42025,72,65006,0.0011075901
21221,16,14447,0.0011074964
48467,58,52427,0.0011063002
37121,17,15368,0.0011061947
45023,36,32546,0.0011061267
54101,10,9043,0.0011058277
40065,29,26237,0.0011053093
29067,15,13585,0.001104159
20121,36,32612,0.0011038881
51159,10,9059,0.0011038746
38073,6,5444,0.0011021308
29097,127,115258,0.0011018758
27153,27,24509,0.0011016361
5139,45,40867,0.0011011329
21041,12,10900,0.0011009174
29225,40,36351,0.0011003824
8073,6,5453,0.0011003118
38067,8,7271,0.0011002613
47005,18,16361,0.0011001773
28163,31,28195,0.0010994857
46129,6,5459,0.0010991024
18061,43,39134,0.0010987888
39081,75,68389,0.0010966676
55021,62,56539,0.0010965882
49055,3,2737,0.0010960906
42039,96,87598,0.0010959154
48343,14,12787,0.001094862
42107,161,147063,0.0010947689
47033,16,14623,0.0010941667
46123,6,5485,0.0010938924
48073,56,51206,0.0010936218
29141,22,20117,0.0010936024
48169,7,6412,0.0010917031
29023,47,43053,0.0010916777
27161,21,19237,0.0010916463
38051,3,2751,0.0010905125
39009,70,64304,0.0010885792
48175,8,7351,0.0010882873
47053,54,49626,0.0010881393
51139,26,23895,0.0010880937
39117,38,34938,0.001087641
51051,17,15690,0.0010834927
19161,11,10153,0.0010834236
29203,9,8318,0.0010819909
29063,14,12940,0.0010819165
36057,54,49941,0.0010812759
36011,86,79552,0.0010810539
20059,28,25906,0.0010808307
46033,9,8339,0.0010792661
47139,18,16686,0.0010787487
26117,68,63097,0.0010777058
17049,37,34353,0.001077053
49001,7,6501,0.0010767574
26095,7,6522,0.0010732904
28079,25,23297,0.0010730995
6049,10,9327,0.0010721561
48335,10,9336,0.0010711225
48279,15,14008,0.0010708167
8071,16,14945,0.0010705922
26057,45,42063,0.0010698238
50019,29,27109,0.0010697554
18037,45,42071,0.0010696204
40071,49,45831,0.0010691453
29145,63,59069,0.0010665493
47175,6,5628,0.0010660981
19057,43,40340,0.0010659395
13289,9,8447,0.001065467
26113,16,15031,0.0010644668
49023,11,10341,0.0010637269
37007,28,26351,0.0010625783
40047,65,61189,0.0010622824
19017,26,24479,0.0010621349
39013,74,69671,0.0010621349
19059,18,16972,0.0010605704
31013,12,11317,0.0010603517
46115,7,6611,0.0010588413
29091,43,40629,0.0010583573
1017,36,34064,0.0010568342
48351,15,14200,0.001056338
48487,14,13258,0.0010559662
5049,13,12318,0.0010553661
27085,38,36053,0.0010540038
40107,13,12358,0.0010519502
27043,15,14263,0.0010516722
36073,45,42836,0.0010505183
13119,23,21894,0.0010505161
31085,1,953,0.0010493179
22049,17,16216,0.0010483473
13107,24,22898,0.0010481265
26003,10,9541,0.0010481082
18035,123,117364,0.0010480215
29131,26,24817,0.0010476689
36041,5,4778,0.001046463
36007,207,198060,0.0010451378
47075,19,18240,0.0010416667
26061,38,36520,0.0010405257
31141,34,32681,0.0010403598
54063,14,13463,0.0010398871
13271,17,16349,0.0010398189
38047,2,1924,0.001039501
51117,33,31749,0.0010394028
49039,29,27906,0.001039203
13099,11,10594,0.0010383236
42097,98,94428,0.0010378278
56017,5,4822,0.0010369141
28029,30,28955,0.0010360905
21099,19,18366,0.0010345203
18133,39,37750,0.0010331126
20079,36,34852,0.0010329393
19031,19,18416,0.0010317116
16029,7,6787,0.0010313835
47109,27,26180,0.0010313216
48445,13,12613,0.0010306826
39087,64,62109,0.0010304465
21069,15,14560,0.0010302198
53075,48,46606,0.0010299103
41037,8,7771,0.0010294685
36095,33,32099,0.0010280694
5057,23,22373,0.0010280249
40123,39,37958,0.0010274514
45039,24,23363,0.0010272653
17203,40,38971,0.0010264042
48115,14,13640,0.001026393
13017,18,17538,0.0010263428
26127,27,26310,0.0010262258
54035,30,29234,0.0010262024
54105,6,5847,0.0010261673
47061,14,13650,0.001025641
28117,26,25390,0.0010240252
19181,48,46891,0.0010236506
39137,35,34198,0.0010234517
54005,25,24478,0.0010213253
21081,25,24485,0.0010210333
19119,12,11757,0.0010206685
53049,21,20575,0.0010206561
51105,26,25474,0.0010206485
17195,59,57846,0.0010199495
36075,124,121700,0.0010188989
39131,29,28480,0.0010182584
1007,23,22597,0.0010178342
47069,27,26533,0.0010176007
56003,12,11794,0.0010174665
17073,51,50155,0.0010168478
42057,15,14772,0.0010154346
1111,23,22675,0.001014333
31049,2,1972,0.0010141988
51640,7,6908,0.0010133179
21141,27,26646,0.0010132853
55051,6,5934,0.0010111223
27051,6,5944,0.0010094213
21231,21,20824,0.0010084518
12027,35,34712,0.0010082968
50003,37,36697,0.0010082568
36021,63,62499,0.0010080161
26157,55,54662,0.0010061835
51840,27,26881,0.0010044269
42129,365,363395,0.0010044167
22083,21,20921,0.0010037761
8033,2,1994,0.001003009
22081,9,8983,0.0010018925
39005,53,52962,0.0010007175
48111,7,6996,0.0010005718
13141,9,8996,0.0010004446
36037,60,59977,0.0010003835
48319,4,4003,0.0009992506
5127,11,11010,0.0009990917
48317,5,5017,0.0009966115
29221,25,25095,0.0009962144
13273,9,9045,0.0009950249
31025,25,25133,0.0009947082
21039,5,5034,0.0009932459
26007,29,29234,0.0009919956
46027,14,14131,0.0009907296
54029,30,30305,0.0009899357
1093,30,30327,0.0009892175
33005,76,76851,0.0009889266
8125,10,10119,0.0009882399
30045,2,2024,0.0009881423
19063,10,10120,0.0009881423
47059,68,68819,0.0009880992
18073,33,33456,0.0009863702
37163,63,63949,0.00098516
28145,27,27414,0.0009848982
21107,46,46718,0.0009846312
29510,313,318172,0.0009837446
54033,68,69141,0.0009834975
1067,17,17287,0.0009833979
17099,111,112973,0.0009825357
17081,38,38720,0.000981405
26165,32,32608,0.0009813543
40039,28,28536,0.0009812167
16049,16,16308,0.0009811136
26023,43,43868,0.0009802134
13111,23,23492,0.0009790567
18099,46,47024,0.0009782239
5015,27,27610,0.0009779066
13165,9,9213,0.0009768805
40139,21,21498,0.0009768351
36065,228,233556,0.0009762113
48499,41,42022,0.0009756794
27079,27,27677,0.0009755393
29049,20,20508,0.0009752292
21109,13,13331,0.0009751707
1053,37,37994,0.000973838
13163,16,16432,0.0009737098
37103,10,10275,0.000973236
30021,9,9249,0.0009730782
6091,3,3086,0.0009721322
51133,12,12346,0.0009719747
37197,37,38084,0.0009715366
55029,27,27817,0.0009706295
26011,15,15477,0.0009691801
47057,22,22706,0.0009689069
45059,64,66223,0.0009664316
45061,18,18654,0.0009649405
54009,23,23853,0.0009642393
27147,35,36322,0.0009636033
5091,42,43634,0.0009625521
48401,52,54026,0.0009624995
48067,29,30166,0.0009613472
46035,19,19769,0.0009611007
39003,101,105141,0.0009606148
42131,27,28125,0.00096
12063,47,48968,0.0009598105
29085,9,9391,0.0009583644
39073,28,29273,0.0009565128
48097,37,38688,0.0009563689
21035,36,37655,0.0009560483
18159,15,15695,0.0009557184
55093,39,40814,0.0009555545
26063,31,32463,0.0009549333
40103,11,11522,0.0009546954
48171,24,25153,0.0009541605
13159,13,13630,0.0009537784
39139,117,122673,0.0009537551
51111,12,12588,0.0009532888
46095,2,2101,0.0009519277
13279,26,27315,0.000951858
45009,15,15763,0.0009515955
18095,124,130348,0.0009512996
55045,35,36909,0.0009482782
28113,38,40100,0.0009476309
36123,24,25344,0.0009469697
5061,13,13735,0.0009464871
21079,16,16913,0.0009460179
22085,23,24325,0.0009455293
28091,25,26442,0.0009454655
13087,26,27509,0.0009451452
17199,63,66674,0.0009448961
39077,56,59280,0.0009446694
37153,44,46627,0.0009436593
18029,47,49831,0.000943188
38057,8,8486,0.0009427292
39043,72,76398,0.000942433
27133,9,9553,0.0009421124
40135,39,41398,0.0009420745
39051,40,42513,0.0009408887
51007,12,12759,0.0009405126
40095,15,15957,0.0009400263
51171,40,42583,0.000939342
51157,7,7456,0.0009388412
13293,25,26630,0.0009387908
55027,83,88415,0.0009387547
29155,17,18111,0.0009386561
26067,60,63941,0.0009383651
47007,12,12792,0.0009380863
48353,14,14924,0.0009380863
26149,57,60796,0.0009375617
54031,13,13866,0.0009375451
13155,9,9600,0.0009375
51075,20,21347,0.0009368998
39101,62,66238,0.0009360186
16069,37,39531,0.0009359743
40019,45,48085,0.0009358428
26131,6,6413,0.0009355996
29167,29,31017,0.0009349711
12119,95,101620,0.0009348553
48363,26,27856,0.0009333716
26015,55,58990,0.0009323614
51001,31,33341,0.0009297861
42063,82,88218,0.0009295155
16025,1,1077,0.0009285051
26103,63,67906,0.0009277531
54055,58,62523,0.0009276586
23011,113,121853,0.0009273469
29055,23,24832,0.0009262242
28005,12,12957,0.0009261403
18143,22,23791,0.0009247194
55049,22,23807,0.000924098
26107,40,43318,0.0009234037
18145,41,44471,0.0009219491
55017,58,62922,0.0009217762
36115,58,62934,0.0009216004
51141,17,18451,0.0009213593
51155,32,34736,0.0009212345
51083,33,35849,0.0009205278
12125,14,15212,0.0009203261
28153,19,20661,0.000919607
17027,35,38061,0.0009195765
26091,91,98987,0.0009193126
48475,10,10879,0.0009192021
28129,15,16345,0.0009177118
49009,1,1090,0.0009174312
28085,32,34900,0.0009169054
45049,19,20726,0.000916723
38061,8,8734,0.0009159606
19061,87,95097,0.0009148554
51173,29,31718,0.0009143073
29021,82,89706,0.0009140972
21201,2,2188,0.0009140768
51167,26,28445,0.0009140446
48179,21,22978,0.0009139177
55115,38,41607,0.0009133079
17143,171,187254,0.0009131981
51760,192,210309,0.0009129424
54099,38,41649,0.0009123869
56033,27,29596,0.0009122854
21199,58,63593,0.0009120501
48239,13,14255,0.0009119607
41007,34,37301,0.0009115037
21223,8,8787,0.0009104359
40121,41,45048,0.0009101403
8055,6,6596,0.0009096422
48015,26,28618,0.0009085191
37199,16,17630,0.000907544
39027,38,41886,0.0009072244
48395,15,16545,0.0009066183
48195,5,5521,0.000905633
33019,39,43074,0.0009054186
18149,21,23213,0.0009046655
55117,104,115009,0.0009042771
22119,37,40940,0.0009037616
19041,15,16599,0.0009036689
42095,270,299267,0.0009022044
13229,17,18844,0.0009021439
19191,19,21061,0.0009021414
21235,32,35499,0.0009014338
46005,16,17753,0.0009012561
48253,18,19973,0.0009012166
16077,7,7778,0.0008999743
5001,17,18892,0.0008998518
55137,22,24461,0.0008993909
5027,22,24473,0.0008989499
40087,32,35613,0.0008985483
29007,23,25621,0.0008977011
38069,4,4457,0.0008974647
42001,91,101482,0.0008967107
31033,9,10068,0.0008939213
21157,28,31344,0.0008933129
45089,30,33620,0.000892326
26101,22,24672,0.0008916991
51021,6,6738,0.000890472
27115,26,29218,0.0008898624
29017,11,12382,0.0008883864
28003,33,37164,0.0008879561
8099,11,12389,0.0008878844
18079,25,28161,0.0008877526
54051,29,32674,0.0008875559
55081,40,45100,0.000886918
51037,11,12404,0.0008868107
20203,2,2256,0.0008865248
13075,15,16923,0.0008863677
33009,79,89181,0.0008858389
1099,20,22602,0.0008848774
12133,22,24892,0.0008838181
47115,25,28291,0.0008836733
23013,35,39668,0.0008823233
20193,7,7941,0.0008815011
26155,61,69232,0.0008810954
26075,141,160309,0.0008795514
36051,57,64810,0.0008794939
5113,18,20471,0.0008792927
54043,19,21627,0.0008785315
31079,53,60345,0.0008782832
48267,4,4560,0.000877193
28127,24,27374,0.0008767444
39007,88,100389,0.0008765901
40113,42,47917,0.0008765156
36083,140,159835,0.0008759033
40013,38,43399,0.0008755962
39147,49,56018,0.0008747188
22025,9,10292,0.0008744656
31045,8,9152,0.0008741259
25019,9,10298,0.0008739561
47023,15,17171,0.0008735659
17167,174,199271,0.0008731828
42049,245,280646,0.0008729859
39011,40,45831,0.0008727717
29009,31,35546,0.0008721094
1133,21,24108,0.0008710801
36019,71,81654,0.0008695226
27093,20,23061,0.0008672651
31047,21,24220,0.000867052
40009,20,23081,0.0008665136
26005,97,112039,0.00086577
45029,33,38153,0.0008649385
48143,34,39321,0.0008646779
39109,89,103060,0.0008635746
55033,38,44072,0.0008622254
22069,34,39436,0.0008621564
13147,22,25518,0.0008621365
37045,84,97474,0.0008617683
47131,27,31340,0.0008615188
17161,127,147457,0.000861268
13025,16,18587,0.0008608167
46081,21,24397,0.0008607616
46047,6,6971,0.0008607087
28135,13,15111,0.0008603004
27119,27,31416,0.0008594347
9015,101,117599,0.0008588508
51678,6,6998,0.0008573878
37113,29,33869,0.0008562402
47121,10,11698,0.000854847
5005,35,41048,0.0008526603
37039,23,26992,0.0008521043
13233,35,41188,0.0008497621
13257,22,25891,0.0008497161
30011,1,1177,0.0008496177
40125,60,70760,0.0008479367
21011,10,11802,0.000847314
49007,18,21246,0.0008472183
19141,12,14172,0.0008467401
55111,53,62597,0.0008466859
21167,18,21261,0.0008466206
23001,91,107609,0.0008456542
21153,11,13041,0.0008434936
18173,51,60463,0.0008434911
37171,62,73561,0.0008428379
46049,2,2377,0.0008413967
22009,35,41632,0.0008406995
18113,40,47582,0.000840654
39175,19,22607,0.0008404476
27039,17,20231,0.0008402946
48431,1,1191,0.0008396306
51036,6,7157,0.0008383401
27157,18,21476,0.0008381449
27105,18,21487,0.0008377158
37139,34,40591,0.0008376241
21021,24,28658,0.0008374625
5063,31,37025,0.0008372721
27047,26,31054,0.0008372512
47173,16,19127,0.0008365138
18109,58,69356,0.0008362651
30051,2,2392,0.0008361204
47049,15,17940,0.0008361204
17083,19,22742,0.0008354586
1025,21,25161,0.000834625
29059,14,16799,0.0008333829
46029,23,27606,0.0008331522
27169,43,51629,0.0008328653
28149,40,48084,0.0008318775
47099,35,42086,0.0008316305
39023,114,137206,0.0008308675
13171,15,18057,0.0008307028
5009,31,37327,0.000830498
1113,48,57820,0.0008301626
26037,63,76001,0.0008289365
1079,28,33838,0.0008274721
13267,21,25384,0.0008272928
22053,26,31432,0.0008271825
21077,7,8479,0.0008255691
49015,9,10933,0.0008231958
39157,76,92392,0.000822582
18115,5,6079,0.0008225037
48379,9,10943,0.0008224436
26025,111,135099,0.0008216197
48185,22,26783,0.0008214166
36099,29,35305,0.0008214134
48477,28,34093,0.000821283
21009,35,42631,0.0008209988
35003,3,3658,0.0008201203
39169,94,114848,0.0008184731
29149,9,10997,0.000818405
39145,64,78477,0.0008155256
25003,106,130016,0.0008152843
18011,48,58944,0.0008143322
21019,40,49164,0.0008136034
42085,94,115655,0.0008127621
56019,7,8615,0.0008125363
25001,175,215423,0.0008123552
38093,17,20934,0.000812076
13175,39,48041,0.0008118066
18085,63,77609,0.0008117615
30073,5,6165,0.00081103
20171,4,4937,0.0008102086
54025,29,35820,0.0008096036
13299,29,35821,0.000809581
36013,108,133539,0.0008087525
26097,9,11137,0.0008081171
40001,18,22286,0.000807682
22107,4,4954,0.0008074283
21119,13,16124,0.0008062516
55141,60,74424,0.0008061916
27029,7,8703,0.0008043203
18033,34,42321,0.0008033837
26105,23,28680,0.0008019526
1049,57,71080,0.0008019133
54021,7,8732,0.0008016491
40083,35,43666,0.000801539
54067,21,26229,0.0008006405
31019,38,47463,0.0008006236
41049,9,11244,0.0008004269
1031,41,51252,0.0007999688
18141,213,266344,0.0007997177
22011,29,36281,0.0007993164
1021,35,43819,0.0007987403
22115,43,53869,0.0007982327
28051,15,18796,0.0007980421
22035,6,7526,0.0007972362
55125,17,21338,0.0007967007
23023,28,35191,0.000795658
18013,12,15083,0.0007955977
8075,18,22631,0.0007953692
27143,12,15123,0.0007934934
39149,39,49167,0.000793215
21037,72,90908,0.0007920095
46085,3,3789,0.0007917656
48381,99,125082,0.0007914808
21125,47,59462,0.0007904208
30009,8,10127,0.0007899674
37145,31,39268,0.0007894469
18071,34,43083,0.0007891744
26069,20,25357,0.0007887368
29157,15,19018,0.0007887265
13019,15,19041,0.0007877738
13069,34,43170,0.000787584
48181,96,121935,0.0007873047
55005,36,45733,0.0007871777
48299,15,19085,0.0007859576
13227,23,29268,0.0007858412
48203,53,67450,0.0007857672
40005,11,14007,0.0007853216
5089,13,16568,0.0007846451
47137,4,5100,0.0007843137
54107,68,86701,0.0007843047
28043,17,21682,0.0007840605
35041,16,20419,0.0007835839
1109,26,33182,0.0007835574
36069,85,108519,0.000783273
48287,13,16601,0.0007830854
27083,20,25543,0.0007829934
54083,23,29384,0.0007827389
13253,7,8947,0.0007823852
26159,59,75454,0.0007819334
22123,9,11512,0.0007817929
36045,94,120262,0.0007816268
27113,11,14074,0.0007815831
27091,16,20475,0.0007814408
37047,45,57638,0.0007807349
47095,6,7690,0.0007802341
38071,9,11536,0.0007801664
5079,11,14101,0.0007800865
18163,141,180858,0.0007796172
53019,6,7705,0.0007787151
37111,35,44998,0.0007778123
21123,11,14151,0.0007773302
20057,27,34752,0.0007769337
30057,6,7733,0.0007758955
13181,6,7737,0.0007754944
42043,209,269665,0.0007750357
40147,40,51633,0.0007746984
17003,6,7748,0.0007743934
5105,8,10339,0.0007737692
47091,14,18095,0.0007736944
48347,51,66034,0.0007723294
45071,29,37576,0.0007717692
21063,6,7780,0.0007712082
21095,22,28543,0.0007707669
1043,62,80440,0.0007707608
47169,6,7795,0.0007697242
28119,6,7798,0.0007694281
55055,65,84498,0.000769249
24019,25,32551,0.0007680256
20169,43,55988,0.0007680217
13263,5,6517,0.0007672242
21179,34,44319,0.0007671653
47185,20,26082,0.0007668124
47145,41,53469,0.0007667995
16003,3,3915,0.0007662835
47181,13,16996,0.0007648859
13011,14,18316,0.000764359
55067,15,19646,0.0007635142
39047,22,28880,0.0007617729
23019,117,153746,0.0007609954
34033,50,65774,0.0007601788
46063,1,1316,0.0007598784
55101,148,194797,0.0007597653
40137,34,44779,0.0007592845
45025,35,46103,0.0007591697
30047,22,28986,0.0007589871
30023,7,9227,0.0007586431
49003,38,50171,0.0007574097
29143,14,18488,0.0007572479
25015,121,159795,0.0007572202
5133,13,17177,0.000756826
36097,14,18514,0.0007561845
55039,77,101843,0.0007560657
20093,3,3968,0.0007560484
42133,331,437846,0.0007559736
46015,4,5293,0.0007557151
27077,3,3973,0.0007550969
27067,32,42379,0.000755091
1127,50,66221,0.0007550475
8105,9,11943,0.0007535795
47123,34,45133,0.000753329
1033,41,54446,0.0007530397
13221,11,14618,0.0007524969
55097,53,70433,0.0007524882
13101,3,3988,0.0007522568
53069,3,3993,0.0007513148
42127,39,51955,0.0007506496
13091,16,21329,0.0007501524
48459,30,39995,0.0007500938
46013,28,37331,0.0007500469
16067,15,20037,0.0007486151
48095,3,4010,0.0007481297
23003,53,70868,0.0007478693
27015,19,25425,0.000747296
28001,24,32122,0.0007471515
48231,65,87079,0.0007464486
5131,95,127304,0.0007462452
46045,3,4026,0.0007451565
54065,13,17471,0.0007440902
47067,5,6720,0.0007440476
29187,49,65917,0.0007433591
29119,17,22876,0.0007431369
37161,50,67323,0.0007426882
51125,11,14827,0.0007418898
28095,27,36421,0.0007413306
39173,95,128200,0.0007410296
48037,69,93148,0.0007407566
47041,14,18901,0.0007407016
46127,11,14855,0.0007404914
16021,8,10808,0.0007401925
55069,21,28392,0.000739645
29071,75,101412,0.0007395574
48001,43,58190,0.0007389586
30081,30,40617,0.000738607
37011,13,17635,0.0007371704
24023,22,29854,0.0007369197
37193,51,69306,0.000735867
47051,30,40772,0.0007357991
27017,26,35348,0.0007355437
27121,8,10892,0.000734484
55095,32,43610,0.0007337767
21211,32,43614,0.0007337094
30041,12,16366,0.0007332274
41063,5,6821,0.0007330303
31179,7,9554,0.0007326774
26021,114,156067,0.0007304555
1019,19,26021,0.0007301795
31101,6,8220,0.000729927
48233,16,21922,0.0007298604
46003,2,2742,0.0007293946
37185,15,20576,0.0007290047
28067,50,68641,0.0007284276
51011,11,15128,0.0007271285
39129,41,56399,0.0007269632
37169,34,46783,0.0007267597
36111,132,181791,0.0007261086
37107,43,59227,0.0007260202
55001,15,20679,0.0007253736
42045,407,561098,0.0007253635
22043,16,22068,0.0007250317
6093,32,44154,0.0007247362
55105,116,160418,0.0007231109
48063,9,12449,0.0007229496
46041,4,5538,0.0007222824
26073,51,70617,0.0007222057
37083,39,54006,0.000722142
5059,24,33394,0.000718692
45021,40,55662,0.0007186231
20109,2,2784,0.0007183908
21239,18,25077,0.0007177892
47147,48,66931,0.0007171565
20209,114,159129,0.0007163999
34041,77,107653,0.0007152611
29031,55,76950,0.0007147498
51163,16,22394,0.0007144771
13079,9,12600,0.0007142857
13027,11,15403,0.0007141466
27041,26,36415,0.0007139915
13287,6,8410,0.0007134364
26045,77,108008,0.0007129102
51165,55,77391,0.000710677
18003,256,360412,0.0007102982
36035,39,54925,0.0007100592
42071,374,526823,0.0007099159
29189,709,1000438,0.0007086896
23031,141,199005,0.0007085249
21089,26,36707,0.0007083118
13131,18,25440,0.0007075472
37173,10,14141,0.0007071636
47107,37,52416,0.0007058913
46011,23,32629,0.0007048944
46121,7,9942,0.0007040837
51035,21,29851,0.000703494
54047,15,21326,0.0007033668
21047,53,75427,0.0007026662
21145,46,65549,0.0007017651
1129,12,17109,0.0007013852
30089,8,11408,0.0007012623
42003,862,1229338,0.0007011904
46119,1,1427,0.0007007708
19167,24,34268,0.0007003619
51185,31,44268,0.0007002801
1131,8,11431,0.0006998513
19155,65,92913,0.0006995792
20015,46,65827,0.0006988014
41061,18,25759,0.0006987849
31031,4,5727,0.000698446
20155,45,64438,0.0006983457
22113,41,58723,0.0006981932
21027,14,20071,0.0006975238
30013,57,81723,0.0006974781
46137,2,2869,0.000697107
45053,18,25833,0.0006967832
13115,67,96177,0.0006966323
48281,14,20107,0.0006962749
54081,55,79021,0.0006960175
48241,25,35923,0.000695933
30007,4,5756,0.000694927
19049,50,71967,0.0006947629
37013,33,47507,0.0006946345
22001,43,61912,0.0006945342
26089,15,21607,0.0006942195
19193,71,102323,0.0006938811
51023,23,33154,0.0006937323
5043,13,18743,0.0006935923
40037,49,70651,0.00069355
47153,10,14423,0.000693337
42007,118,170245,0.0006931187
18087,26,37521,0.0006929453
13033,16,23125,0.0006918919
39045,102,147474,0.0006916473
21091,6,8677,0.0006914832
54045,25,36168,0.0006912188
27001,11,15927,0.0006906511
37149,14,20271,0.0006906418
37157,64,92720,0.0006902502
45031,47,68139,0.0006897665
17133,23,33357,0.0006895104
47001,52,75416,0.0006895089
35027,14,20309,0.0006893495
48391,5,7259,0.0006888001
51191,38,55190,0.0006885305
21217,17,24691,0.00068851
27057,14,20347,0.0006880621
55003,11,15992,0.0006878439
55063,80,116461,0.0006869252
21117,111,161711,0.0006864097
26141,9,13129,0.0006855054
55035,69,100677,0.0006853601
17113,118,172281,0.0006849275
12037,8,11686,0.0006845798
39141,53,77429,0.0006844981
26009,16,23406,0.0006835854
13133,11,16092,0.0006835695
55119,14,20486,0.0006833935
51187,26,38070,0.0006829525
13243,5,7327,0.0006824075
42011,282,413491,0.0006819979
1087,14,20535,0.0006817628
4011,6,8802,0.0006816633
27063,7,10281,0.0006808676
37159,94,138180,0.0006802721
39151,255,374868,0.0006802394
29101,37,54397,0.0006801846
47019,39,57355,0.0006799756
47045,26,38255,0.0006796497
46109,7,10303,0.0006794138
48373,31,45656,0.0006789907
48481,28,41285,0.0006782124
47077,19,28023,0.0006780145
39113,362,534325,0.0006774903
28069,7,10335,0.0006773101
36105,52,76793,0.0006771451
35059,3,4431,0.0006770481
42069,145,214477,0.0006760632
49013,13,19244,0.0006755352
45011,15,22212,0.0006753106
51081,8,11851,0.0006750485
6005,25,37035,0.0006750371
37073,8,11869,0.0006740248
18151,23,34124,0.0006740124
48101,1,1486,0.0006729475
38089,18,26771,0.0006723694
53037,28,41672,0.000671914
28099,20,29785,0.0006714789
5073,5,7447,0.0006714113
45017,10,14910,0.0006706908
51027,16,23859,0.0006706065
41009,33,49286,0.0006695613
47141,49,73229,0.0006691338
45033,21,31446,0.0006678115
19013,88,131820,0.000667577
28107,23,34473,0.0006671888
13281,7,10495,0.0006669843
54001,11,16493,0.0006669496
51015,49,73658,0.0006652366
28065,8,12032,0.0006648936
21113,33,49635,0.0006648534
28023,11,16556,0.0006644117
18067,55,82849,0.0006638583
42041,158,238614,0.0006621573
37087,39,58908,0.0006620493
47081,16,24170,0.0006619777
40079,33,49873,0.0006616807
13315,6,9068,0.0006616674
53041,50,75621,0.000661192
30099,4,6053,0.0006608293
1023,9,13633,0.0006601628
18183,22,33342,0.0006598284
51630,18,27307,0.0006591716
31053,24,36427,0.000658852
37017,23,34915,0.0006587427
47119,54,81990,0.0006586169
21175,9,13668,0.0006584723
24043,98,149180,0.0006569245
31167,4,6089,0.0006569223
17127,10,15234,0.0006564264
24041,25,38098,0.0006562024
36113,43,65538,0.0006561079
42109,26,39672,0.0006553741
28063,5,7638,0.0006546216
1045,33,50444,0.0006541908
6011,14,21411,0.0006538695
48493,29,44370,0.0006535948
28053,6,9189,0.0006529546
13291,14,21451,0.0006526502
9007,108,165602,0.000652166
40041,27,41441,0.0006515287
42079,209,321027,0.0006510356
26027,34,52242,0.0006508174
39075,28,43025,0.0006507844
51149,24,36941,0.0006496846
47113,64,98656,0.0006487188
5055,28,43163,0.0006487038
51680,50,77113,0.0006483991
45067,21,32457,0.0006470099
35017,19,29388,0.0006465224
26121,110,170182,0.0006463668
54015,6,9297,0.0006453695
5135,11,17054,0.00064501
29161,29,44987,0.0006446307
6081,476,739311,0.0006438427
30065,3,4665,0.0006430868
6021,18,27992,0.0006430409
48449,21,32663,0.0006429293
19149,16,24907,0.0006423897
19153,285,443710,0.0006423114
28021,6,9349,0.0006417799
8043,30,46788,0.00064119
26147,103,160644,0.0006411693
38059,18,28101,0.0006405466
40051,34,53118,0.0006400843
55031,28,43785,0.0006394884
29035,4,6262,0.0006387736
5095,5,7828,0.0006387328
30087,6,9396,0.0006385696
13123,18,28190,0.0006385243
16011,29,45474,0.0006377271
35033,3,4705,0.0006376196
16051,17,26684,0.0006370859
12045,10,15718,0.0006362133
48051,11,17291,0.0006361691
31001,20,31459,0.0006357481
22079,84,132373,0.0006345705
8109,4,6304,0.0006345178
23005,180,283921,0.0006339792
17077,38,60071,0.0006325848
22091,7,11071,0.0006322825
8087,18,28472,0.0006322001
48189,23,36385,0.0006321286
28137,18,28490,0.0006318006
21127,10,15848,0.0006309944
5103,16,25396,0.0006300205
18137,18,28583,0.000629745
13071,29,46137,0.0006285628
37187,8,12736,0.0006281407
13285,43,68468,0.0006280306
48005,55,87597,0.0006278754
47177,25,39839,0.0006275258
1083,55,87654,0.0006274671
37167,38,60576,0.0006273111
35023,3,4794,0.0006257822
36109,64,102554,0.0006240615
28103,7,11218,0.0006239971
26087,55,88173,0.0006237737
55127,64,102851,0.0006222594
22097,52,83662,0.0006215486
27035,39,62882,0.0006202093
5023,16,25808,0.0006199628
41027,14,22584,0.0006199079
48117,12,19360,0.0006198347
13023,8,12913,0.0006195307
18005,49,79129,0.000619242
22057,60,97029,0.0006183718
16043,8,12957,0.0006174269
26017,66,106935,0.0006171974
51770,60,97469,0.0006155803
55083,23,37442,0.0006142834
1015,72,117296,0.0006138317
13241,10,16297,0.0006136099
51137,21,34246,0.0006132103
30003,8,13061,0.0006125105
56023,11,17961,0.0006124381
36091,136,222133,0.0006122458
28031,12,19607,0.0006120263
12047,9,14708,0.0006119119
5053,11,17986,0.0006115868
5145,48,78493,0.0006115195
16083,48,78595,0.0006107259
17179,83,135949,0.0006105231
5019,14,22936,0.0006103941
39015,27,44381,0.0006083684
27103,20,32929,0.0006073674
1123,25,41168,0.0006072678
39159,32,52715,0.0006070378
48219,14,23072,0.0006067961
33013,89,146761,0.0006064281
53071,36,59404,0.0006060198
1077,56,92542,0.0006051306
27097,20,33052,0.0006051071
35007,8,13223,0.0006050064
55139,102,168794,0.0006042869
1055,63,104392,0.0006034945
21193,17,28241,0.0006019617
18039,120,199619,0.0006011452
48297,7,11664,0.0006001372
18019,67,111951,0.0005984761
48053,26,43448,0.0005984165
9011,164,274170,0.000598169
54011,58,96974,0.0005980985
21205,14,23447,0.0005970913
16081,6,10052,0.0005968961
22023,4,6702,0.0005968368
28147,9,15100,0.0005960265
22071,220,369250,0.0005958023
26145,118,198353,0.000594899
47083,5,8413,0.0005943183
13007,2,3366,0.0005941771
18081,85,143191,0.0005936127
17007,32,53940,0.0005932518
41057,15,25287,0.0005931902
39103,103,173684,0.000593031
16017,24,40476,0.000592944
35005,39,65784,0.0005928493
13283,4,6769,0.0005909292
54027,14,23709,0.0005904931
8083,15,25431,0.0005898313
21151,50,84786,0.00058972
16047,9,15291,0.0005885815
47101,7,11896,0.0005884331
42077,209,355245,0.0005883264
5077,6,10216,0.000587314
21049,21,35787,0.0005868053
45007,111,189355,0.0005862005
48473,26,44357,0.0005861533
1065,9,15388,0.0005848713
26123,28,47959,0.000583832
27013,38,65091,0.0005837981
47117,18,30883,0.0005828449
12079,11,18907,0.0005817951
8051,9,15475,0.0005815832
27135,9,15476,0.0005815456
48425,5,8598,0.0005815306
26077,148,254580,0.0005813497
29113,31,53354,0.0005810249
48389,8,13798,0.0005797942
53039,12,20699,0.0005797382
37059,24,41433,0.0005792484
48497,35,60432,0.0005791634
54003,62,107098,0.000578909
42019,107,184970,0.0005784722
30067,9,15567,0.0005781461
39095,253,437998,0.0005776282
48245,145,251813,0.0005758241
30101,3,5220,0.0005747126
37075,5,8700,0.0005747126
13197,5,8711,0.0005739869
31043,12,20918,0.0005736686
39061,460,802038,0.0005735389
39089,96,167537,0.0005730078
45041,79,137948,0.0005726796
48009,5,8735,0.0005724098
54039,110,192179,0.000572383
21059,56,97847,0.0005723221
51740,55,96470,0.0005701254
29095,386,677377,0.0005698452
45037,15,26347,0.0005693248
48213,45,79094,0.0005689433
55129,9,15826,0.0005686844
48055,22,38734,0.0005679765
33003,27,47567,0.0005676204
5051,55,96903,0.0005675779
29077,159,280626,0.0005665904
44007,356,628323,0.0005665876
6015,16,28290,0.0005655709
47073,32,56587,0.0005655009
22007,13,23026,0.0005645792
44009,71,125946,0.0005637337
1063,5,8876,0.0005633168
55057,15,26631,0.0005632534
28133,16,28431,0.000562766
48283,4,7109,0.000562667
47029,20,35571,0.0005622558
13231,10,17810,0.0005614823
41051,426,759256,0.0005610756
13305,17,30305,0.0005609635
51775,14,24970,0.0005606728
51019,39,69590,0.0005604253
48357,6,10728,0.0005592841
53017,22,39350,0.0005590851
56011,4,7155,0.0005590496
13275,25,44724,0.000558984
51043,8,14323,0.0005585422
21173,15,26902,0.0005575794
45075,51,91476,0.0005575233
30083,6,10810,0.0005550416
41033,46,82930,0.0005546847
27075,6,10818,0.0005546312
51119,6,10822,0.0005544262
8019,5,9026,0.0005539552
37069,34,61475,0.0005530704
55089,48,86823,0.0005528489
13035,13,23524,0.0005526271
17119,148,267883,0.00055248
37023,50,90505,0.0005524557
20061,21,38013,0.0005524426
13321,12,21741,0.0005519525
21017,11,19978,0.0005506057
36029,506,919086,0.000550547
39057,90,163587,0.000550166
44001,27,49144,0.0005494058
26051,14,25484,0.0005493643
36117,51,92962,0.0005486113
19169,50,91140,0.0005486065
47003,25,45573,0.0005485704
16009,5,9117,0.000548426
36067,256,466852,0.0005483537
1103,66,120395,0.0005481955
51650,75,136836,0.0005481014
37175,18,32849,0.0005479619
21163,16,29237,0.0005472518
47085,10,18275,0.0005471956
47129,12,21931,0.0005471707
26047,18,32915,0.0005468631
12049,15,27514,0.000545177
8065,4,7338,0.0005451077
54019,25,45869,0.0005450304
19163,92,168799,0.0005450269
24029,11,20191,0.0005447972
40077,6,11019,0.000544514
22067,15,27559,0.0005442868
13055,14,25725,0.0005442177
53027,39,71692,0.0005439938
27095,14,25740,0.0005439005
45057,43,79089,0.0005436913
48165,10,18413,0.0005430946
24047,28,51578,0.0005428671
55113,9,16581,0.0005427899
50007,86,158504,0.0005425731
37123,15,27668,0.0005421425
27087,3,5536,0.0005419075
29027,24,44305,0.0005416996
22045,40,73999,0.0005405478
18091,60,111246,0.0005393452
24021,129,239582,0.0005384378
51195,22,40918,0.0005376607
51670,12,22348,0.0005369608
42055,81,151275,0.0005354487
37137,7,13074,0.0005354138
48105,2,3743,0.0005343308
42073,48,89871,0.0005340989
22039,18,33710,0.0005339662
42119,24,44952,0.0005339028
51710,131,245782,0.0005329927
30105,4,7505,0.000532978
21093,57,107025,0.0005325858
22061,25,46953,0.0005324473
51067,30,56411,0.0005318112
36027,158,297322,0.0005314104
39093,160,301478,0.0005307187
25013,247,465923,0.0005301305
45083,153,288745,0.0005298793
21227,62,117110,0.0005294168
51800,45,85181,0.0005282868
13143,15,28400,0.000528169
9005,99,187530,0.0005279155
41011,33,62534,0.0005277129
12123,12,22744,0.0005276117
13303,11,20879,0.0005268452
5093,24,45562,0.0005267548
1121,43,81762,0.0005259167
5115,33,62765,0.0005257707
8029,16,30432,0.0005257624
27131,34,64854,0.0005242545
45027,18,34357,0.0005239107
55015,26,49634,0.0005238345
13319,5,9577,0.0005220842
20189,3,5756,0.0005211953
39155,108,207406,0.0005207178
41059,40,76820,0.0005206977
6103,33,63406,0.0005204555
48321,19,36547,0.0005198785
5035,26,50021,0.0005197817
55073,70,134735,0.0005195384
40021,25,48150,0.0005192108
28093,19,36612,0.0005189555
1009,30,57826,0.0005187978
48305,3,5783,0.0005187619
51033,15,28972,0.0005177413
37089,56,108266,0.0005172446
55079,494,955205,0.0005171665
13199,11,21273,0.0005170874
21215,9,17416,0.0005167662
5033,32,61946,0.000516579
51147,12,23238,0.0005163956
16031,12,23249,0.0005161512
48407,14,27126,0.00051611
26019,9,17465,0.0005153163
27005,17,33000,0.0005151515
49051,13,25273,0.0005143829
31157,19,36964,0.0005140136
21071,20,38949,0.000513492
21025,7,13635,0.0005133847
37131,11,21428,0.000513347
37079,11,21429,0.0005133231
51197,15,29251,0.000512803
18157,91,177513,0.0005126385
41021,1,1953,0.0005120328
34019,65,127050,0.0005116096
48309,122,238707,0.0005110868
41065,13,25487,0.000510064
47063,32,62746,0.0005099927
48485,67,131559,0.0005092772
45073,38,74627,0.0005091991
20177,91,178991,0.0005084055
51049,5,9849,0.0005076658
28035,39,76894,0.0005071917
13261,16,31554,0.0005070672
1095,48,94776,0.0005064573
19113,109,215295,0.0005062821
39099,119,235145,0.0005060707
13191,7,13839,0.0005058169
28081,43,85042,0.0005056325
35051,6,11895,0.0005044136
9003,452,897259,0.0005037564
26031,13,25835,0.0005031933
13313,52,103359,0.0005031008
37021,123,244490,0.0005030881
45081,10,19893,0.0005026894
47105,25,49793,0.0005020786
36033,26,51795,0.000501979
21073,25,49804,0.0005019677
5031,50,99735,0.0005013285
27145,76,151606,0.0005012994
51183,6,11972,0.0005011694
38053,4,7987,0.0005008138
21085,13,25964,0.0005006933
45005,5,9988,0.0005006007
51101,8,15981,0.0005005945
22037,10,20008,0.0004998001
56009,7,14008,0.0004997144
26039,7,14009,0.0004996788
48273,16,32025,0.0004996097
26029,13,26023,0.0004995581
27027,30,60155,0.0004987117
29037,50,100376,0.000498127
8101,80,160852,0.0004973516
45055,31,62343,0.0004972491
42091,402,808460,0.0004972417
47143,16,32247,0.0004961702
12029,8,16126,0.0004960933
8015,9,18150,0.0004958678
24039,13,26253,0.0004951815
9013,75,151539,0.0004949221
48361,41,82977,0.0004941128
32001,12,24375,0.0004923077
46099,86,175037,0.0004913247
47009,61,124177,0.0004912343
12065,7,14256,0.0004910213
51131,6,12226,0.0004907574
46031,2,4077,0.0004905568
8031,311,634265,0.0004903313
41045,15,30630,0.000489716
24011,16,32718,0.0004890274
51175,9,18409,0.0004888913
34021,180,368303,0.000488728
26035,15,30753,0.0004877573
34005,220,451336,0.0004874417
5143,103,211411,0.0004872027
38079,7,14382,0.0004867195
56013,20,41110,0.0004864996
37035,75,154339,0.0004859433
29201,19,39139,0.0004854493
27007,22,45375,0.0004848485
12077,4,8276,0.0004833253
21165,3,6220,0.0004823151
39025,96,199085,0.0004822061
45043,29,60189,0.0004818156
41043,57,118360,0.0004815816
13031,35,72694,0.0004814703
5107,10,20784,0.0004811393
37001,74,153920,0.0004807692
21197,6,12483,0.0004806537
51047,23,47911,0.0004800568
30061,2,4167,0.0004799616
5041,6,12545,0.0004782782
45001,12,25101,0.0004780686
17037,50,104704,0.0004775367
54037,26,54504,0.0004770292
24510,296,621342,0.0004763882
37195,39,81867,0.0004763824
49005,55,115520,0.000476108
47093,210,441311,0.0004758549
40031,60,126390,0.0004747211
13009,22,46367,0.0004744754
37041,7,14772,0.0004738695
25009,358,755618,0.0004737844
48013,22,46446,0.0004736683
1097,196,413936,0.0004735032
47025,15,31736,0.0004726494
5085,33,69839,0.0004725154
13311,13,27556,0.0004717666
26055,42,89112,0.000471317
21115,11,23383,0.0004704272
26115,71,151048,0.0004700493
20081,2,4256,0.0004699248
22003,12,25539,0.0004698696
36063,101,215124,0.0004694967
25007,8,17041,0.000469456
32013,8,17048,0.0004692633
47097,13,27718,0.0004690093
25027,378,806163,0.0004688878
17091,53,113040,0.0004688606
49037,7,14965,0.0004677581
48139,72,153969,0.0004676266
5123,13,27858,0.0004666523
1047,20,42864,0.000466592
37109,37,79313,0.0004665061
6115,34,72926,0.000466226
13195,13,27922,0.0004655827
26135,4,8592,0.0004655493
18059,33,70933,0.0004652278
33001,28,60327,0.0004641371
6063,9,19399,0.0004639414
13161,7,15156,0.0004618633
26013,4,8683,0.0004606703
1085,5,10857,0.0004605324
13021,72,156462,0.0004601756
38085,2,4347,0.0004600874
20187,1,2175,0.0004597701
38035,31,67472,0.0004594498
41071,46,100255,0.00045883
45047,32,69756,0.0004587419
55087,82,178816,0.0004585719
29219,15,32753,0.0004579733
13187,14,30611,0.0004573519
48441,61,133473,0.0004570213
53003,10,21888,0.0004568713
21111,343,750828,0.000456829
25005,251,551082,0.0004554676
41035,30,65912,0.0004551523
48021,34,74763,0.0004547704
1069,47,103402,0.0004545367
12067,4,8804,0.0004543389
48099,35,77231,0.0004531859
1125,90,198596,0.0004531813
1073,299,660009,0.0004530241
17019,92,203276,0.0004525866
12033,137,302715,0.0004525709
28109,25,55295,0.0004521204
51093,16,35399,0.0004519902
48227,16,35408,0.0004518753
37027,37,81930,0.000451605
22047,15,33228,0.0004514265
30063,50,110977,0.0004505438
13207,12,26637,0.0004505012
51115,4,8884,0.0004502476
44003,74,164843,0.000448912
30005,3,6683,0.0004489002
39055,42,93680,0.0004483348
55085,16,35714,0.0004480036
41019,48,107164,0.0004479116
20051,13,29053,0.0004474581
10005,91,203390,0.0004474163
51530,3,6707,0.0004472939
56007,7,15666,0.0004468275
6043,8,17905,0.0004468026
13065,3,6718,0.0004465615
17163,120,268858,0.0004463323
51143,28,62807,0.0004458102
55109,38,85242,0.0004457896
12007,12,27049,0.0004436393
56037,20,45267,0.000441823
16075,10,22639,0.0004417156
8091,2,4530,0.0004415011
53077,109,246977,0.0004413366
47163,69,156786,0.0004400903
39133,71,161451,0.0004397619
1101,101,230149,0.0004388461
30043,5,11401,0.000438558
48471,30,68408,0.0004385452
13215,87,198413,0.0004384793
48103,2,4562,0.0004384042
51181,3,6844,0.0004383402
27009,17,38865,0.0004374116
12107,32,73263,0.0004367826
28039,10,22930,0.0004361099
42093,8,18356,0.0004358248
28087,26,59670,0.0004357298
39035,551,1265111,0.0004355349
12121,19,43656,0.0004352208
26053,7,16084,0.0004352151
55041,4,9206,0.0004344992
51089,23,52969,0.0004342162
41013,9,20729,0.0004341743
37085,53,122135,0.000433946
56021,41,94483,0.0004339405
48243,1,2307,0.0004334634
51009,14,32384,0.0004323123
13205,10,23144,0.0004320774
12039,20,46528,0.0004298487
26111,36,83822,0.0004294815
54061,43,100332,0.0004285771
21181,3,7000,0.0004285714
22117,20,46670,0.0004285408
48423,92,214821,0.0004282635
37151,61,142466,0.0004281723
4009,16,37416,0.0004276245
13235,5,11720,0.0004266212
51820,9,21107,0.0004263988
47011,43,101134,0.0004251785
28123,12,28250,0.0004247788
48451,48,113281,0.0004237251
56045,3,7082,0.0004236091
27021,12,28357,0.0004231759
28047,82,194029,0.0004226172
1115,36,85237,0.0004223518
47089,22,52191,0.0004215286
54059,11,26103,0.0004214075
13139,78,185416,0.0004206757
51003,43,102251,0.0004205338
27061,19,45221,0.0004201588
29051,32,76363,0.0004190511
51109,14,33430,0.0004187855
27059,16,38248,0.0004183225
21133,10,23952,0.0004175017
51031,23,55163,0.0004169461
28125,2,4799,0.0004167535
35049,61,146375,0.0004167378
30049,27,64876,0.0004161786
41025,3,7212,0.0004159734
37165,15,36094,0.0004155815
22093,9,21722,0.0004143265
37077,25,60436,0.0004136607
26081,254,614462,0.0004133697
47031,22,53222,0.0004133629
51735,5,12097,0.0004133256
29169,22,53259,0.0004130757
39017,153,370589,0.0004128563
24013,69,167217,0.0004126375
36093,64,155124,0.0004125732
13129,23,55766,0.0004124377
27025,22,53452,0.0004115842
51025,7,17010,0.0004115226
31123,2,4889,0.0004090816
47179,51,125094,0.0004076934
13255,26,63865,0.0004071087
37003,15,36853,0.0004070225
37141,22,54195,0.0004059415
16005,34,83800,0.0004057279
18105,57,141019,0.0004042009
45065,4,9943,0.0004022931
13249,2,4990,0.0004008016
42027,62,155171,0.0003995592
12131,23,57582,0.0003994304
53063,190,475735,0.000399382
34011,63,157785,0.0003992775
45003,65,162812,0.0003992335
28075,32,80220,0.000398903
37125,36,90302,0.0003986623
46135,9,22603,0.0003981772
53057,47,118222,0.0003975571
20161,30,75508,0.0003973089
42029,201,506575,0.0003967823
48163,7,17702,0.0003954355
33017,49,124119,0.0003947824
29186,7,17740,0.0003945885
37067,141,358137,0.0003937041
4003,52,132088,0.0003936769
54057,11,27956,0.0003934755
51053,11,27994,0.0003929413
16057,15,38184,0.0003928347
48369,4,10183,0.0003928115
1091,8,20401,0.0003921376
36079,39,99607,0.0003915387
37155,53,135496,0.0003911555
51061,26,66542,0.0003907307
17201,114,292069,0.0003903187
44005,32,82036,0.0003900727
27053,462,1184576,0.000390013
13277,16,41064,0.0003896357
53009,28,71863,0.0003896303
47155,36,92512,0.0003891387
55059,65,167936,0.0003870522
5081,5,12919,0.0003870269
51540,17,43956,0.0003867504
54109,9,23273,0.0003867142
38101,25,64798,0.0003858144
37189,20,51871,0.0003855719
37105,23,59715,0.0003851629
51065,10,25967,0.0003851042
49021,18,46750,0.0003850267
34001,106,275422,0.000384864
45077,46,119670,0.0003843904
48371,6,15619,0.0003841475
40119,30,78399,0.0003826579
20175,9,23547,0.0003822143
33011,154,402922,0.000382208
28143,4,10475,0.0003818616
13295,26,68094,0.0003818251
10001,64,167626,0.0003818023
12043,5,13107,0.0003814755
20045,43,112864,0.0003809895
35047,11,28891,0.0003807414
56041,8,21025,0.0003804994
22019,74,194493,0.0003804764
35009,19,49938,0.0003804718
29165,35,92054,0.0003802116
6009,17,44742,0.0003799562
37071,79,208049,0.0003797182
51113,5,13200,0.0003787879
20067,3,7923,0.0003786445
16013,8,21146,0.0003783221
37181,17,45132,0.0003766729
13045,42,111580,0.0003764115
26001,4,10635,0.0003761166
37117,9,23961,0.0003756104
26139,101,269099,0.0003753266
26049,157,418408,0.0003752318
13245,76,202587,0.0003751475
6055,52,139045,0.0003739796
24015,38,101696,0.0003736627
28105,18,48192,0.000373506
47167,23,61705,0.0003727413
1119,5,13427,0.000372384
55133,146,392292,0.0003721717
48501,3,8075,0.000371517
37099,15,40448,0.0003708465
25023,185,499759,0.0003701784
9009,319,862813,0.0003697209
55131,49,132661,0.0003693625
48025,12,32527,0.0003689243
41047,118,319985,0.0003687673
37097,60,162708,0.0003687588
37143,5,13563,0.00036865
41041,17,46151,0.000368356
53001,7,19005,0.0003683241
47035,21,57029,0.0003682337
13137,16,43520,0.0003676471
48367,44,119712,0.0003675488
35015,20,54419,0.0003675187
37057,60,163260,0.0003675119
53065,16,43538,0.0003674951
30031,34,92614,0.0003671151
22073,57,155363,0.0003668827
47157,345,940764,0.0003667232
42017,229,627053,0.0003652004
51127,7,19169,0.0003651729
8047,2,5491,0.0003642324
36055,272,747813,0.0003637273
28071,18,49495,0.0003636731
48325,17,46765,0.0003635197
49057,86,236640,0.0003634212
13157,22,60571,0.0003632101
18127,60,165682,0.0003621395
22087,15,41635,0.0003602738
16045,6,16673,0.0003598633
41015,8,22248,0.0003595829
27137,72,200319,0.0003594267
47065,124,345545,0.0003588534
38017,56,156157,0.0003586134
48469,32,89269,0.0003584671
21195,23,64178,0.0003583783
21131,4,11170,0.0003581021
37065,20,55954,0.0003574365
5007,83,232268,0.0003573458
51121,34,95194,0.0003571654
12041,6,16815,0.0003568243
13085,8,22422,0.0003567924
1003,68,190790,0.0003564128
18097,327,918977,0.0003558305
1089,122,343080,0.0003556022
13213,14,39392,0.0003554021
56043,3,8464,0.0003544423
37101,62,174938,0.0003544113
31055,188,531265,0.0003538724
5045,42,118704,0.0003538213
27171,45,127336,0.0003533957
53007,26,73687,0.0003528438
51073,13,36886,0.0003524372
42103,20,56899,0.0003515
28027,9,25709,0.000350072
24035,17,48595,0.0003498302
16073,4,11439,0.0003496809
51087,110,314932,0.0003492817
16035,3,8590,0.0003492433
37129,73,209234,0.0003488917
37037,23,65976,0.0003486116
29209,11,31568,0.0003484541
51595,2,5740,0.0003484321
26085,4,11498,0.0003478866
1051,28,80629,0.0003472696
37055,12,34573,0.0003470917
48257,37,106753,0.0003465945
37191,43,124246,0.0003460876
48221,18,52044,0.0003458612
48199,19,55190,0.0003442653
8067,18,52401,0.0003435049
28059,48,140298,0.0003421289
8119,8,23389,0.0003420411
22099,18,52726,0.0003413876
20173,172,503889,0.000341345
40109,253,741781,0.000341071
35053,6,17603,0.000340851
39153,184,540811,0.0003402298
12013,5,14723,0.0003396047
37081,170,500879,0.0003394033
37015,7,20653,0.0003389338
29019,57,168535,0.0003382087
47165,56,166123,0.0003370996
54079,19,56435,0.0003366705
48463,9,26752,0.0003364234
37179,70,208520,0.0003356992
40143,206,613816,0.0003356055
22095,15,44758,0.0003351356
41029,69,206412,0.0003342829
37049,35,104770,0.0003340651
6109,18,54008,0.000333284
45085,36,108052,0.0003331729
37061,20,60033,0.0003331501
26137,8,24020,0.0003330558
28131,6,18028,0.0003328156
53073,68,205262,0.0003312839
31109,97,293407,0.0003305988
13237,7,21198,0.0003302198
51830,5,15167,0.0003296631
21029,25,75896,0.0003293981
45045,154,467605,0.0003293378
40131,29,88367,0.0003281768
34015,95,289586,0.0003280545
47189,39,118961,0.0003278385
30029,30,91633,0.000327393
36001,100,305455,0.0003273805
26065,92,281723,0.0003265619
30095,3,9195,0.0003262643
18063,49,150434,0.0003257242
17197,222,682518,0.0003252661
6007,72,221539,0.0003249992
12075,13,40025,0.000324797
8077,48,147848,0.0003246578
8059,177,545358,0.0003245574
28011,11,33904,0.0003244455
41039,115,354542,0.0003243621
48057,7,21609,0.0003239391
45019,118,365162,0.0003231442
22109,36,111893,0.0003217359
49019,3,9328,0.0003216123
50009,2,6226,0.0003212335
29213,17,52956,0.0003210212
30001,3,9346,0.0003209929
16027,62,193888,0.0003197722
29029,14,43845,0.0003193066
28157,3,9432,0.0003180662
48183,39,122658,0.0003179572
13015,32,100661,0.0003178987
39165,69,217241,0.0003176196
2013,1,3161,0.0003163556
5119,123,388953,0.0003162336
34025,199,629384,0.0003161822
53055,5,15824,0.0003159757
47127,2,6339,0.0003155072
13217,32,101505,0.0003152554
53047,13,41275,0.0003149606
13169,9,28577,0.0003149386
13185,36,114552,0.0003142678
34031,158,502885,0.0003141871
55009,79,253032,0.0003122135
48135,45,144325,0.0003117963
25021,212,681845,0.0003109211
36071,116,374512,0.0003097364
8003,5,16148,0.0003096359
42089,52,168798,0.0003080605
22105,38,123441,0.0003078394
40145,23,75030,0.000306544
48413,1,3264,0.0003063725
48251,47,153441,0.0003063067
47021,12,39271,0.000305569
36103,458,1499273,0.0003054814
49029,3,9821,0.0003054679
48461,1,3283,0.0003045995
5125,34,111845,0.0003039921
38015,26,85774,0.0003031222
8081,4,13200,0.0003030303
24037,33,108987,0.0003027884
48265,15,49786,0.0003012895
41053,23,76353,0.0003012324
4007,16,53144,0.0003010688
29043,24,79824,0.0003006615
36087,95,317757,0.0002989706
32033,3,10042,0.0002987453
45091,70,234635,0.0002983357
39041,54,181061,0.000298242
51085,30,100668,0.0002980093
13077,39,130929,0.0002978714
37029,3,10090,0.0002973241
48385,1,3369,0.000296824
13081,7,23606,0.0002965348
51683,12,40605,0.0002955301
12003,8,27086,0.0002953555
17111,91,308145,0.0002953155
46102,4,13586,0.0002944207
28025,6,20427,0.0002937289
16065,11,37456,0.0002936779
48167,88,300484,0.0002928609
37127,28,95708,0.0002925565
13047,19,65046,0.000292101
8103,2,6857,0.0002916727
46007,1,3436,0.0002910361
22121,7,24106,0.0002903841
46083,14,48296,0.0002898791
40027,77,265638,0.0002898682
49047,10,34524,0.0002896536
13225,8,27622,0.0002896242
56035,3,10368,0.0002893519
13173,3,10400,0.0002884615
22017,74,257093,0.0002878336
48291,22,76571,0.000287315
35025,19,66338,0.000286412
51069,23,80317,0.0002863653
6045,25,87428,0.0002859496
49035,304,1063842,0.0002857567
51099,7,24500,0.0002857143
21209,14,49057,0.0002853823
51193,5,17524,0.000285323
6057,28,98292,0.0002848655
26033,11,38917,0.0002826528
34007,145,513539,0.0002823544
55025,142,503523,0.0002820129
10003,154,546076,0.000282012
16019,30,106684,0.0002812043
9001,262,933835,0.0002805635
13211,5,17881,0.0002796264
12023,19,67966,0.0002795515
13029,9,32214,0.0002793816
22101,15,53697,0.0002793452
27109,41,147066,0.0002787864
56029,8,28702,0.0002787262
17063,14,50281,0.0002784352
48259,10,35956,0.0002781177
39049,332,1195537,0.0002776995
15007,19,68434,0.0002776398
48271,1,3603,0.0002775465
27019,26,93707,0.0002774606
49025,2,7221,0.0002769699
21005,6,21728,0.0002761414
48027,89,323037,0.0002755102
33015,82,297820,0.0002753341
35055,9,32779,0.000274566
53015,28,101996,0.0002745206
6101,26,95022,0.0002736208
29099,60,220209,0.0002724684
12083,91,335125,0.0002715405
13127,22,81022,0.0002715312
19103,37,136317,0.0002714262
1001,15,55514,0.0002702021
34009,26,96304,0.0002699784
13043,3,11117,0.000269857
53053,218,811681,0.0002685784
56001,10,37276,0.0002682691
53059,3,11187,0.0002681684
13219,9,33619,0.0002677058
5069,20,74723,0.0002676552
51057,3,11233,0.0002670702
16039,7,26223,0.0002669412
16053,6,22499,0.0002666785
51079,5,18771,0.0002663683
6095,112,420757,0.0002661869
27123,138,520152,0.0002653071
28045,12,45255,0.0002651641
48039,86,324769,0.0002648036
6047,69,262305,0.0002630526
6039,40,152218,0.000262781
38105,7,26697,0.0002622017
25017,403,1537215,0.0002621624
45013,44,168049,0.0002618284
2195,1,3844,0.0002601457
55013,4,15382,0.0002600442
12129,8,30818,0.0002595886
26161,91,350946,0.0002592992
53035,66,254991,0.0002588327
47047,10,38659,0.000258672
28083,8,30948,0.0002584981
47043,13,50381,0.0002580338
13057,57,221315,0.0002575515
8123,67,263691,0.0002540853
13095,24,94501,0.0002539656
32019,13,51327,0.000253278
51510,37,146294,0.0002529154
16055,36,142357,0.0002528854
45051,71,282285,0.0002515189
24005,205,817455,0.0002507783
6033,16,63983,0.0002500664
27065,4,16005,0.0002499219
13183,4,16048,0.0002492522
51145,7,28123,0.0002489066
1117,50,200941,0.0002488293
47187,48,192911,0.0002488194
53033,497,2007440,0.000247579
17089,129,522487,0.0002468961
22065,3,12154,0.0002468323
51720,1,4068,0.000245821
13145,8,32550,0.0002457757
37091,6,24438,0.0002455193
22033,109,444526,0.000245205
40017,30,122560,0.0002447781
21185,15,61412,0.0002442519
49049,132,540504,0.0002442165
39085,56,229582,0.0002439216
48409,16,65600,0.0002439024
13083,4,16490,0.0002425713
13051,67,276434,0.0002423725
11001,153,632323,0.0002419649
6077,170,702612,0.0002419543
28151,12,49750,0.000241206
12051,9,37447,0.0002403397
48249,10,41754,0.000239498
12127,119,496950,0.0002394607
37025,44,184498,0.000238485
28049,59,248643,0.000237288
37031,16,67632,0.0002365744
13297,20,84575,0.0002364765
12031,208,879602,0.0002364706
21159,3,12743,0.0002354234
18057,68,289495,0.0002348918
53031,7,29854,0.0002344744
32007,12,51216,0.0002343018
22055,53,227055,0.0002334236
15003,227,976372,0.0002324934
48113,568,2453843,0.0002314737
45079,91,393830,0.0002310642
6067,335,1450121,0.0002310152
34027,115,497999,0.0002309242
13189,5,21663,0.0002308083
12081,77,333895,0.0002306114
30111,35,151882,0.0002304421
55078,1,4340,0.0002304147
41031,5,21749,0.0002298956
46065,4,17450,0.0002292264
56025,18,78621,0.0002289465
12105,141,616158,0.0002288374
48187,32,139841,0.0002288313
13013,16,70169,0.0002280209
24027,68,299430,0.0002270982
42101,350,1547607,0.0002261556
34023,186,823041,0.0002259912
6107,102,451977,0.0002256752
13049,3,13295,0.0002256487
37051,73,324049,0.0002252746
47037,146,648295,0.0002252061
18089,111,493618,0.0002248702
34037,33,147442,0.0002238168
13113,24,107524,0.000223206
6079,61,274804,0.0002219764
48071,8,36196,0.0002210189
8085,9,40725,0.0002209945
17093,26,118105,0.0002201431
24017,33,150592,0.0002191351
48029,391,1785704,0.0002189613
26125,267,1220657,0.0002187347
37063,61,279641,0.0002181368
6027,4,18495,0.0002162747
13059,26,120266,0.0002161875
12091,41,190083,0.0002156952
20055,8,37200,0.0002150538
8107,5,23334,0.0002142796
53045,13,60832,0.0002137033
28121,31,145165,0.0002135501
28089,21,98468,0.0002132673
22015,26,122197,0.0002127712
22063,28,131942,0.0002122145
8049,3,14195,0.000211342
6113,43,204118,0.0002106625
49043,8,38003,0.0002105097
12015,34,162449,0.0002092965
22075,5,23921,0.0002090214
6099,109,521726,0.0002089219
24045,21,100647,0.00020865
53005,38,182398,0.0002083356
41003,18,86430,0.000208261
47149,57,274454,0.0002076851
6097,102,491829,0.0002073892
6089,37,178586,0.0002071831
34003,190,918888,0.0002067717
21067,63,305489,0.0002062267
48375,25,122335,0.0002043569
17031,1065,5231351,0.0002035803
37135,28,137941,0.0002029853
37147,35,172554,0.0002028351
27037,82,405088,0.0002024252
26093,37,182838,0.0002023649
53029,16,79177,0.0002020789
12115,78,386147,0.0002019956
26163,360,1792365,0.0002008519
27163,49,244088,0.0002007473
49045,12,59870,0.0002004343
6061,72,361682,0.0001990699
12103,183,921319,0.0001986283
48355,69,347691,0.0001984521
13121,194,977773,0.0001984101
53021,17,85845,0.0001980313
6019,187,947895,0.0001972792
45035,28,142496,0.0001964967
12019,38,194345,0.0001955286
12085,29,148817,0.0001948702
34039,106,543976,0.0001948615
48019,4,20537,0.0001947704
35045,25,128529,0.0001945086
12017,27,139360,0.0001937428
51700,35,180726,0.0001936633
24025,48,248622,0.0001930642
48397,16,83021,0.0001927223
48303,55,285760,0.0001924692
48127,2,10461,0.0001911863
24003,105,550488,0.0001907399
28073,11,57786,0.0001903575
4023,9,47303,0.0001902628
47125,35,184468,0.0001897348
48439,354,1880153,0.0001882825
13103,10,53293,0.0001876419
12089,14,74629,0.0001875946
4019,186,992394,0.0001874256
35057,3,16021,0.0001872542
29183,69,368666,0.0001871613
8093,3,16029,0.0001871608
37019,21,112257,0.0001870707
13097,25,133971,0.0001866075
26129,4,21437,0.0001865933
21015,23,123316,0.0001865127
48003,3,16117,0.0001861389
36119,179,961670,0.0001861345
32017,1,5405,0.0001850139
13153,27,146136,0.0001847594
1081,27,147257,0.0001833529
51161,17,92901,0.0001829905
6017,33,180561,0.0001827637
53011,80,438287,0.0001825288
53067,47,258332,0.0001819364
35035,12,66041,0.0001817053
6029,155,856158,0.0001810413
34035,59,327707,0.0001800389
16001,73,409061,0.0001784575
6035,6,33658,0.0001782637
4017,19,107094,0.0001774142
48329,26,146645,0.0001772989
15009,28,158226,0.0001769621
22077,4,22726,0.0001760099
5017,2,11433,0.0001749322
4025,37,212637,0.0001740055
51095,12,68967,0.0001739963
6083,75,431249,0.0001739134
17043,161,927987,0.0001734938
2290,1,5770,0.0001733102
13223,25,144800,0.0001726519
49053,25,144809,0.0001726412
53061,126,733036,0.0001718879
29047,39,227577,0.0001713706
8039,4,23383,0.0001710644
12001,43,251417,0.0001710306
34029,99,580470,0.0001705514
51600,4,23461,0.0001704957
12113,27,158512,0.0001703341
32005,8,46996,0.0001702273
41005,65,383857,0.0001693339
22005,19,112286,0.0001692108
4005,23,136011,0.000169104
12009,92,547307,0.0001680958
27141,15,89455,0.0001676821
45063,45,270406,0.0001664164
37053,4,24077,0.0001661337
26143,4,24106,0.0001659338
48465,8,48705,0.0001642542
6053,70,426762,0.0001640259
45015,31,189781,0.0001633462
46103,17,104347,0.000162918
28033,27,166234,0.0001624216
32031,69,429908,0.0001604995
8013,49,305318,0.0001604884
35029,4,25041,0.000159738
37119,154,969031,0.0001589216
37093,8,50536,0.000158303
8069,49,310487,0.0001578166
27139,21,135152,0.0001553806
13117,29,187928,0.0001543144
34013,121,787744,0.0001536032
2110,5,32556,0.0001535815
8041,99,644964,0.0001534969
12055,15,98128,0.0001528616
36081,347,2272771,0.0001526771
13247,13,85820,0.0001514798
13067,107,707442,0.0001512491
6001,232,1554720,0.000149223
25025,111,744426,0.0001491082
32027,1,6749,0.0001481701
6105,2,13526,0.0001478634
56015,2,13636,0.0001466706
16015,1,6835,0.0001463058
32510,8,54838,0.0001458842
30035,2,13711,0.0001458683
35001,98,673460,0.0001455172
12005,25,171903,0.0001454309
2130,2,13779,0.0001451484
13151,30,209053,0.0001435043
31173,1,7020,0.0001424501
26099,120,847383,0.0001416125
12073,40,283769,0.0001409597
6023,19,134827,0.0001409213
24033,124,881138,0.0001407271
48047,1,7161,0.0001396453
17097,98,702120,0.0001395773
51107,47,336898,0.0001395081
6051,2,14348,0.0001393922
13063,37,265888,0.0001391563
22103,33,239453,0.0001378141
51660,7,50981,0.0001373061
51153,59,430289,0.0001371171
4001,10,73195,0.0001366214
48495,1,7330,0.0001364256
12057,174,1277746,0.0001361773
48489,3,22058,0.0001360051
6037,1345,9962789,0.0001350024
48341,3,22313,0.0001344508
48121,95,707304,0.0001343128
48377,1,7525,0.0001328904
12069,40,303186,0.0001319322
48091,15,114384,0.0001311372
48453,143,1095584,0.000130524
48041,26,200665,0.0001295692
12109,26,202188,0.0001285932
27003,43,336414,0.0001278187
48491,58,456232,0.0001271283
15001,24,189191,0.0001268559
13309,1,7888,0.0001267748
51179,17,134352,0.0001265333
6065,286,2268783,0.0001260588
37183,120,952151,0.0001260304
4027,25,200022,0.0001249863
35039,5,40318,0.0001240141
49011,39,315809,0.0001234924
35031,9,73016,0.0001232607
24009,11,89628,0.0001227295
48069,1,8164,0.000122489
13179,8,65471,0.0001221915
48141,100,827398,0.0001208608
12087,9,74809,0.0001203064
53025,11,91723,0.0001199263
51750,2,16685,0.0001198681
36085,56,470728,0.0001189647
13089,83,707089,0.0001173827
51029,2,17088,0.0001170412
26079,2,17099,0.0001169659
32023,5,42963,0.0001163792
8097,2,17263,0.0001158547
37133,21,183263,0.0001145894
48201,482,4253700,0.0001133131
4015,23,203334,0.0001131144
6031,17,151364,0.000112312
41017,18,162277,0.0001109214
2220,1,9046,0.0001105461
6073,349,3177063,0.0001098499
31153,18,165853,0.0001085298
12101,51,470391,0.0001084204
48043,1,9316,0.0001073422
20091,60,559913,0.0001071595
12095,128,1202234,0.0001064685
41067,58,547672,0.0001059028
6069,6,56884,0.0001054778
8045,6,56953,0.00010535
51550,24,228417,0.000105071
13177,3,28746,0.0001043623
22051,45,433676,0.0001037641
12071,66,645293,0.0001022791
36047,262,2565635,0.000102119
6041,26,256069,0.0001015351
6071,211,2081313,0.0001013783
6087,27,266776,0.0001012085
48209,17,168990,0.0001005977
6085,183,1837504,9.95916199366097E-05
24031,100,1004709,9.95313070749839E-05
48339,48,485047,9.89594822769752E-05
51041,32,323856,9.88093473642607E-05
4012,2,20281,9.86144667422711E-05
13039,5,51402,9.72724796700518E-05
51810,43,447021,9.61923489053087E-05
6025,17,176948,9.60734227004544E-05
51177,12,125684,9.54775468635626E-05
4013,375,3942169,9.51252977738904E-05
48085,79,834642,9.46513595050333E-05
37043,1,10618,9.41796948577887E-05
6059,288,3090132,9.31999021401027E-05
8005,55,595546,9.23522280394797E-05
12053,16,173422,9.22604975147328E-05
12111,26,283866,9.15925119598684E-05
30085,1,10927,9.15164271986822E-05
12035,9,98359,9.1501540275928E-05
6013,98,1079597,9.07746131195252E-05
8001,41,459598,8.92083951627292E-05
12011,160,1815137,8.8147616405814E-05
2020,26,298610,8.7070091423596E-05
48131,1,11717,8.53460783476999E-05
36059,115,1349233,8.52336105031525E-05
48007,2,23818,8.39701066420354E-05
48507,1,11961,0.000083605
13073,11,131627,8.35694804257485E-05
56005,4,47874,8.35526590633747E-05
13135,69,842046,8.19432667573981E-05
32003,160,2000759,7.99696515172492E-05
48061,33,415557,7.94114886766436E-05
12061,11,140567,7.82544978551154E-05
12099,105,1356545,7.7402518899115E-05
13053,1,13037,7.6704763365805E-05
6111,62,835981,7.41643649795869E-05
35006,2,27334,7.31689470988512E-05
48215,59,806552,7.31508941766929E-05
2150,1,14239,7.02296509586347E-05
12117,30,430838,6.96317409327868E-05
34017,45,652302,6.89864510610116E-05
12097,19,287416,6.61062710496284E-05
36005,91,1408473,0.000064609
51059,70,1118602,6.25781108919884E-05
51199,4,66146,6.04722885737611E-05
4021,23,387365,5.93755243762343E-05
12021,19,332427,5.71554055476841E-05
22089,3,52681,5.69465272109489E-05
51520,1,17662,5.66187294757106E-05
35013,12,214445,5.59584042528387E-05
12093,2,39467,5.0675247675273E-05
22029,1,20365,4.91038546525902E-05
56039,1,21675,4.61361014994233E-05
6075,38,825863,4.6012474223933E-05
35043,6,135588,4.42517036905921E-05
2170,4,93925,4.25871706148523E-05
48479,11,259172,4.244285648141E-05
48157,25,627293,3.98537844356624E-05
35061,3,76631,3.91486474142318E-05
8037,2,51874,0.000038555
12086,98,2591035,3.78227233518652E-05
2122,2,56900,3.51493848857645E-05
2090,3,100272,2.99186213499282E-05
8035,6,298215,2.01197122881143E-05
8014,1,58298,1.71532471096779E-05
36061,18,1619090,1.111735604568E-05
